as_of_date,store_id,sku,supplier_id,daily_forecast_units,mean_supplier_lead_days,supplier_lead_std_days,safety_stock_units,target_stock_units,closing_stock_units,already_on_order_units,recommended_order_units
2026-02-14,ST001,MED001,SUP01,9.57,3.8,1.38,23,69,68,0,24
2026-02-14,ST001,MED002,SUP02,8.86,3.76,1.4,22,65,72,0,0
2026-02-14,ST001,MED003,SUP03,2.71,3.75,1.34,10,23,11,24,0
2026-02-14,ST001,MED004,SUP04,6.86,3.75,1.36,17,50,51,0,0
2026-02-14,ST001,MED005,SUP01,9.71,3.8,1.38,23,70,15,72,0
2026-02-14,ST001,MED006,SUP02,8.79,3.76,1.4,22,64,7,60,0
2026-02-14,ST001,MED007,SUP03,1.71,3.75,1.34,7,16,23,0,0
2026-02-14,ST001,MED008,SUP04,2.5,3.75,1.36,10,22,4,24,0
2026-02-14,ST001,MED009,SUP01,8.21,3.8,1.38,20,60,32,60,0
2026-02-14,ST001,MED010,SUP02,3.57,3.76,1.4,11,28,28,0,0
2026-02-14,ST001,MED011,SUP03,9.79,3.75,1.34,23,70,29,66,0
2026-02-14,ST001,MED012,SUP04,8.93,3.75,1.36,22,65,31,60,0
2026-02-14,ST001,MED013,SUP01,6.57,3.8,1.38,16,48,27,36,0
2026-02-14,ST001,MED014,SUP02,4.57,3.76,1.4,13,35,16,48,0
2026-02-14,ST001,MED015,SUP03,9.93,3.75,1.34,23,71,53,0,24
2026-02-14,ST001,MED016,SUP04,6.64,3.75,1.36,17,49,7,48,0
2026-02-14,ST001,MED017,SUP01,8.86,3.8,1.38,21,64,37,72,0
2026-02-14,ST001,MED018,SUP02,5.71,3.76,1.4,14,42,56,0,0
2026-02-14,ST001,MED019,SUP03,3.86,3.75,1.34,11,30,18,0,24
2026-02-14,ST001,MED020,SUP04,6.43,3.75,1.36,17,48,6,48,0
2026-02-14,ST001,MED021,SUP01,8.93,3.8,1.38,23,66,46,0,24
2026-02-14,ST001,MED022,SUP02,6.0,3.76,1.4,15,44,31,0,18
2026-02-14,ST001,MED023,SUP03,9.07,3.75,1.34,21,65,63,0,12
2026-02-14,ST001,MED024,SUP04,10.21,3.75,1.36,24,73,54,0,24
2026-02-14,ST001,MED025,SUP01,5.0,3.8,1.38,14,38,30,0,12
2026-02-14,ST001,MED026,SUP02,10.29,3.76,1.4,25,74,72,0,24
2026-02-14,ST001,MED027,SUP03,10.5,3.75,1.34,25,75,0,72,12
2026-02-14,ST001,MED028,SUP04,5.43,3.75,1.36,15,41,26,0,24
2026-02-14,ST001,MED029,SUP01,8.14,3.8,1.38,19,59,49,0,24
2026-02-14,ST001,MED030,SUP02,4.14,3.76,1.4,12,32,22,0,12
2026-02-14,ST002,MED001,SUP01,10.5,3.8,1.38,26,77,38,72,0
2026-02-14,ST002,MED002,SUP02,9.43,3.76,1.4,24,69,68,0,6
2026-02-14,ST002,MED003,SUP03,3.36,3.75,1.34,11,27,19,0,24
2026-02-14,ST002,MED004,SUP04,8.29,3.75,1.36,21,61,26,48,0
2026-02-14,ST002,MED005,SUP01,11.36,3.8,1.38,28,83,49,0,36
2026-02-14,ST002,MED006,SUP02,9.86,3.76,1.4,24,71,36,60,0
2026-02-14,ST002,MED007,SUP03,3.07,3.75,1.34,10,25,3,24,0
2026-02-14,ST002,MED008,SUP04,3.36,3.75,1.36,12,28,19,0,12
2026-02-14,ST002,MED009,SUP01,10.07,3.8,1.38,24,73,25,60,0
2026-02-14,ST002,MED010,SUP02,3.71,3.76,1.4,10,28,11,36,0
2026-02-14,ST002,MED011,SUP03,10.93,3.75,1.34,26,78,32,72,0
2026-02-14,ST002,MED012,SUP04,9.71,3.75,1.36,23,70,7,60,12
2026-02-14,ST002,MED013,SUP01,7.0,3.8,1.38,19,53,58,0,0
2026-02-14,ST002,MED014,SUP02,5.5,3.76,1.4,14,41,43,0,0
2026-02-14,ST002,MED015,SUP03,11.07,3.75,1.34,26,79,63,0,24
2026-02-14,ST002,MED016,SUP04,8.0,3.75,1.36,20,59,41,0,24
2026-02-14,ST002,MED017,SUP01,11.21,3.8,1.38,27,81,27,72,0
2026-02-14,ST002,MED018,SUP02,5.07,3.76,1.4,14,39,38,0,24
2026-02-14,ST002,MED019,SUP03,2.71,3.75,1.34,10,23,1,24,0
2026-02-14,ST002,MED020,SUP04,6.21,3.75,1.36,16,46,42,0,24
2026-02-14,ST002,MED021,SUP01,10.36,3.8,1.38,26,76,0,66,12
2026-02-14,ST002,MED022,SUP02,7.57,3.76,1.4,20,57,13,42,6
2026-02-14,ST002,MED023,SUP03,10.93,3.75,1.34,26,78,21,60,0
2026-02-14,ST002,MED024,SUP04,12.0,3.75,1.36,29,87,60,0,36
2026-02-14,ST002,MED025,SUP01,5.93,3.8,1.38,16,45,33,0,12
2026-02-14,ST002,MED026,SUP02,11.07,3.76,1.4,27,80,40,72,0
2026-02-14,ST002,MED027,SUP03,11.79,3.75,1.34,28,84,27,72,0
2026-02-14,ST002,MED028,SUP04,6.29,3.75,1.36,16,46,24,0,24
2026-02-14,ST002,MED029,SUP01,8.64,3.8,1.38,21,63,8,48,24
2026-02-14,ST002,MED030,SUP02,4.86,3.76,1.4,13,37,23,0,18
2026-02-14,ST003,MED001,SUP01,11.71,3.8,1.38,28,85,9,72,24
2026-02-14,ST003,MED002,SUP02,11.86,3.76,1.4,29,86,28,60,0
2026-02-14,ST003,MED003,SUP03,2.36,3.75,1.34,9,21,14,0,24
2026-02-14,ST003,MED004,SUP04,8.29,3.75,1.36,20,60,5,48,12
2026-02-14,ST003,MED005,SUP01,12.5,3.8,1.38,31,91,56,0,36
2026-02-14,ST003,MED006,SUP02,10.79,3.76,1.4,26,78,48,0,36
2026-02-14,ST003,MED007,SUP03,3.36,3.75,1.34,10,26,8,24,0
2026-02-14,ST003,MED008,SUP04,3.07,3.75,1.36,12,27,23,0,12
2026-02-14,ST003,MED009,SUP01,10.86,3.8,1.38,27,80,59,0,24
2026-02-14,ST003,MED010,SUP02,4.5,3.76,1.4,12,34,10,36,0
2026-02-14,ST003,MED011,SUP03,11.93,3.75,1.34,27,84,67,0,18
2026-02-14,ST003,MED012,SUP04,9.86,3.75,1.36,24,71,71,0,0
2026-02-14,ST003,MED013,SUP01,7.71,3.8,1.38,19,56,17,48,0
2026-02-14,ST003,MED014,SUP02,4.71,3.76,1.4,13,36,3,48,0
2026-02-14,ST003,MED015,SUP03,13.43,3.75,1.34,32,96,28,72,0
2026-02-14,ST003,MED016,SUP04,7.29,3.75,1.36,18,53,8,48,0
2026-02-14,ST003,MED017,SUP01,10.93,3.8,1.38,26,79,44,0,36
2026-02-14,ST003,MED018,SUP02,5.71,3.76,1.4,16,44,42,0,24
2026-02-14,ST003,MED019,SUP03,3.43,3.75,1.34,11,28,12,0,24
2026-02-14,ST003,MED020,SUP04,6.71,3.75,1.36,18,50,41,0,24
2026-02-14,ST003,MED021,SUP01,9.71,3.8,1.38,24,71,36,54,0
2026-02-14,ST003,MED022,SUP02,7.29,3.76,1.4,18,53,34,0,24
2026-02-14,ST003,MED023,SUP03,11.21,3.75,1.34,27,81,0,72,12
2026-02-14,ST003,MED024,SUP04,13.5,3.75,1.36,31,96,40,72,0
2026-02-14,ST003,MED025,SUP01,6.71,3.8,1.38,17,50,15,36,0
2026-02-14,ST003,MED026,SUP02,12.07,3.76,1.4,30,88,0,72,24
2026-02-14,ST003,MED027,SUP03,12.57,3.75,1.34,30,90,27,72,0
2026-02-14,ST003,MED028,SUP04,5.64,3.75,1.36,14,41,13,48,0
2026-02-14,ST003,MED029,SUP01,9.36,3.8,1.38,23,68,0,72,0
2026-02-14,ST003,MED030,SUP02,5.14,3.76,1.4,13,38,18,30,0
2026-02-14,ST004,MED001,SUP01,12.14,3.8,1.38,29,88,25,72,0
2026-02-14,ST004,MED002,SUP02,11.64,3.76,1.4,28,84,46,0,42
2026-02-14,ST004,MED003,SUP03,2.5,3.75,1.34,8,20,21,0,0
2026-02-14,ST004,MED004,SUP04,9.14,3.75,1.36,22,66,0,48,24
2026-02-14,ST004,MED005,SUP01,12.79,3.8,1.38,30,92,40,60,0
2026-02-14,ST004,MED006,SUP02,10.5,3.76,1.4,25,75,1,60,24
2026-02-14,ST004,MED007,SUP03,3.79,3.75,1.34,10,28,18,0,24
2026-02-14,ST004,MED008,SUP04,4.43,3.75,1.36,13,35,16,0,24
2026-02-14,ST004,MED009,SUP01,13.86,3.8,1.38,33,100,46,0,60
2026-02-14,ST004,MED010,SUP02,3.79,3.76,1.4,11,30,15,24,0
2026-02-14,ST004,MED011,SUP03,12.07,3.75,1.34,29,87,38,66,0
2026-02-14,ST004,MED012,SUP04,11.07,3.75,1.36,27,80,0,60,24
2026-02-14,ST004,MED013,SUP01,7.86,3.8,1.38,21,59,22,48,0
2026-02-14,ST004,MED014,SUP02,5.64,3.76,1.4,16,43,37,0,24
2026-02-14,ST004,MED015,SUP03,15.07,3.75,1.34,35,107,23,72,24
2026-02-14,ST004,MED016,SUP04,7.79,3.75,1.36,18,55,15,48,0
2026-02-14,ST004,MED017,SUP01,12.0,3.8,1.38,28,86,51,0,36
2026-02-14,ST004,MED018,SUP02,7.43,3.76,1.4,19,55,33,0,24
2026-02-14,ST004,MED019,SUP03,3.57,3.75,1.34,11,28,7,24,0
2026-02-14,ST004,MED020,SUP04,7.93,3.75,1.36,19,57,0,48,24
2026-02-14,ST004,MED021,SUP01,11.57,3.8,1.38,28,84,16,66,6
2026-02-14,ST004,MED022,SUP02,9.0,3.76,1.4,23,66,17,36,18
2026-02-14,ST004,MED023,SUP03,12.71,3.75,1.34,29,90,48,0,48
2026-02-14,ST004,MED024,SUP04,14.29,3.75,1.36,34,102,64,0,48
2026-02-14,ST004,MED025,SUP01,6.43,3.8,1.38,18,49,12,48,0
2026-02-14,ST004,MED026,SUP02,13.0,3.76,1.4,31,93,80,0,24
2026-02-14,ST004,MED027,SUP03,14.36,3.75,1.34,33,102,55,0,48
2026-02-14,ST004,MED028,SUP04,8.0,3.75,1.36,20,59,17,48,0
2026-02-14,ST004,MED029,SUP01,10.71,3.8,1.38,26,78,25,72,0
2026-02-14,ST004,MED030,SUP02,5.93,3.76,1.4,16,45,17,30,0
2026-02-14,ST005,MED001,SUP01,13.43,3.8,1.38,31,96,29,72,0
2026-02-14,ST005,MED002,SUP02,14.43,3.76,1.4,35,104,34,66,6
2026-02-14,ST005,MED003,SUP03,3.0,3.75,1.34,9,24,13,0,24
2026-02-14,ST005,MED004,SUP04,10.21,3.75,1.36,24,73,0,48,36
2026-02-14,ST005,MED005,SUP01,13.93,3.8,1.38,33,100,66,0,36
2026-02-14,ST005,MED006,SUP02,12.07,3.76,1.4,29,87,43,0,48
2026-02-14,ST005,MED007,SUP03,3.57,3.75,1.34,10,27,16,0,24
2026-02-14,ST005,MED008,SUP04,4.07,3.75,1.36,11,31,6,24,12
2026-02-14,ST005,MED009,SUP01,13.0,3.8,1.38,32,95,54,0,48
2026-02-14,ST005,MED010,SUP02,5.5,3.76,1.4,15,42,21,0,24
2026-02-14,ST005,MED011,SUP03,13.71,3.75,1.34,32,98,14,72,12
2026-02-14,ST005,MED012,SUP04,11.64,3.75,1.36,27,83,52,0,36
2026-02-14,ST005,MED013,SUP01,9.07,3.8,1.38,22,66,46,0,24
2026-02-14,ST005,MED014,SUP02,6.21,3.76,1.4,17,47,48,0,0
2026-02-14,ST005,MED015,SUP03,16.5,3.75,1.34,39,118,11,72,48
2026-02-14,ST005,MED016,SUP04,8.43,3.75,1.36,21,62,0,48,24
2026-02-14,ST005,MED017,SUP01,13.57,3.8,1.38,32,98,15,72,12
2026-02-14,ST005,MED018,SUP02,6.64,3.76,1.4,18,50,13,48,0
2026-02-14,ST005,MED019,SUP03,3.86,3.75,1.34,11,30,3,24,24
2026-02-14,ST005,MED020,SUP04,8.79,3.75,1.36,21,63,27,48,0
2026-02-14,ST005,MED021,SUP01,12.71,3.8,1.38,30,91,24,54,18
2026-02-14,ST005,MED022,SUP02,9.29,3.76,1.4,24,69,0,48,24
2026-02-14,ST005,MED023,SUP03,13.5,3.75,1.34,31,96,57,0,48
2026-02-14,ST005,MED024,SUP04,15.07,3.75,1.36,35,107,84,0,24
2026-02-14,ST005,MED025,SUP01,7.29,3.8,1.38,18,53,0,36,24
2026-02-14,ST005,MED026,SUP02,14.14,3.76,1.4,34,102,15,72,24
2026-02-14,ST005,MED027,SUP03,14.29,3.75,1.34,32,100,72,0,36
2026-02-14,ST005,MED028,SUP04,7.71,3.75,1.36,19,56,0,48,24
2026-02-14,ST005,MED029,SUP01,10.86,3.8,1.38,26,79,26,72,0
2026-02-14,ST005,MED030,SUP02,5.93,3.76,1.4,16,45,12,30,6
2026-02-14,ST006,MED001,SUP01,14.29,3.8,1.38,33,102,4,72,48
2026-02-14,ST006,MED002,SUP02,15.71,3.76,1.4,37,112,69,0,48
2026-02-14,ST006,MED003,SUP03,4.14,3.75,1.34,11,31,12,0,24
2026-02-14,ST006,MED004,SUP04,10.29,3.75,1.36,25,74,2,48,24
2026-02-14,ST006,MED005,SUP01,13.93,3.8,1.38,33,100,0,72,36
2026-02-14,ST006,MED006,SUP02,13.57,3.76,1.4,33,98,12,72,24
2026-02-14,ST006,MED007,SUP03,4.93,3.75,1.34,13,37,11,24,24
2026-02-14,ST006,MED008,SUP04,4.21,3.75,1.36,12,33,12,0,24
2026-02-14,ST006,MED009,SUP01,14.21,3.8,1.38,34,103,26,72,12
2026-02-14,ST006,MED010,SUP02,5.29,3.76,1.4,14,40,0,24,24
2026-02-14,ST006,MED011,SUP03,15.64,3.75,1.34,37,112,0,66,48
2026-02-14,ST006,MED012,SUP04,13.21,3.75,1.36,31,94,0,60,36
2026-02-14,ST006,MED013,SUP01,10.64,3.8,1.38,26,78,0,48,36
2026-02-14,ST006,MED014,SUP02,7.0,3.76,1.4,19,53,6,48,0
2026-02-14,ST006,MED015,SUP03,18.07,3.75,1.34,41,127,0,72,72
2026-02-14,ST006,MED016,SUP04,9.29,3.75,1.36,23,68,13,48,24
2026-02-14,ST006,MED017,SUP01,13.79,3.8,1.38,32,99,0,72,36
2026-02-14,ST006,MED018,SUP02,7.71,3.76,1.4,20,57,28,0,48
2026-02-14,ST006,MED019,SUP03,2.86,3.75,1.34,9,23,0,24,0
2026-02-14,ST006,MED020,SUP04,8.71,3.75,1.36,21,63,0,48,24
2026-02-14,ST006,MED021,SUP01,13.07,3.8,1.38,31,94,51,0,48
2026-02-14,ST006,MED022,SUP02,10.07,3.76,1.4,24,72,0,42,30
2026-02-14,ST006,MED023,SUP03,14.07,3.75,1.34,33,100,4,72,24
2026-02-14,ST006,MED024,SUP04,15.43,3.75,1.36,36,110,0,72,48
2026-02-14,ST006,MED025,SUP01,8.43,3.8,1.38,20,61,32,0,36
2026-02-14,ST006,MED026,SUP02,16.14,3.76,1.4,39,116,10,72,48
2026-02-14,ST006,MED027,SUP03,15.43,3.75,1.34,36,110,56,0,60
2026-02-14,ST006,MED028,SUP04,8.43,3.75,1.36,21,62,29,0,48
2026-02-14,ST006,MED029,SUP01,12.07,3.8,1.38,28,86,0,48,48
2026-02-14,ST006,MED030,SUP02,6.57,3.76,1.4,17,49,16,30,6
2026-02-14,ST007,MED001,SUP01,8.14,3.8,1.38,20,60,67,0,0
2026-02-14,ST007,MED002,SUP02,7.93,3.76,1.4,22,60,7,66,0
2026-02-14,ST007,MED003,SUP03,2.29,3.75,1.34,8,19,29,0,0
2026-02-14,ST007,MED004,SUP04,5.86,3.75,1.36,16,44,40,0,12
2026-02-14,ST007,MED005,SUP01,7.43,3.8,1.38,20,56,55,0,12
2026-02-14,ST007,MED006,SUP02,7.07,3.76,1.4,19,53,74,0,0
2026-02-14,ST007,MED007,SUP03,3.07,3.75,1.34,10,25,0,24,24
2026-02-14,ST007,MED008,SUP04,2.0,3.75,1.36,9,19,25,0,0
2026-02-14,ST007,MED009,SUP01,8.57,3.8,1.38,21,63,40,0,24
2026-02-14,ST007,MED010,SUP02,3.29,3.76,1.4,10,26,13,24,0
2026-02-14,ST007,MED011,SUP03,8.86,3.75,1.34,21,64,59,0,6
2026-02-14,ST007,MED012,SUP04,7.79,3.75,1.36,19,56,52,0,12
2026-02-14,ST007,MED013,SUP01,5.79,3.8,1.38,16,44,14,48,0
2026-02-14,ST007,MED014,SUP02,5.07,3.76,1.4,14,39,47,0,0
2026-02-14,ST007,MED015,SUP03,9.07,3.75,1.34,24,68,10,72,0
2026-02-14,ST007,MED016,SUP04,5.79,3.75,1.36,15,43,22,48,0
2026-02-14,ST007,MED017,SUP01,8.71,3.8,1.38,22,64,44,0,24
2026-02-14,ST007,MED018,SUP02,5.5,3.76,1.4,16,43,44,0,0
2026-02-14,ST007,MED019,SUP03,2.71,3.75,1.34,9,22,2,24,0
2026-02-14,ST007,MED020,SUP04,4.36,3.75,1.36,12,33,18,48,0
2026-02-14,ST007,MED021,SUP01,8.43,3.8,1.38,21,62,43,0,24
2026-02-14,ST007,MED022,SUP02,6.21,3.76,1.4,16,46,0,42,6
2026-02-14,ST007,MED023,SUP03,8.29,3.75,1.34,20,60,63,0,0
2026-02-14,ST007,MED024,SUP04,10.07,3.75,1.36,24,72,0,72,0
2026-02-14,ST007,MED025,SUP01,4.64,3.8,1.38,13,36,25,0,12
2026-02-14,ST007,MED026,SUP02,8.57,3.76,1.4,21,62,33,72,0
2026-02-14,ST007,MED027,SUP03,8.21,3.75,1.34,20,60,90,0,0
2026-02-14,ST007,MED028,SUP04,4.93,3.75,1.36,13,37,48,0,0
2026-02-14,ST007,MED029,SUP01,6.86,3.8,1.38,18,51,58,0,0
2026-02-14,ST007,MED030,SUP02,4.07,3.76,1.4,11,31,5,30,0
2026-02-14,ST008,MED001,SUP01,9.64,3.8,1.38,23,70,61,0,24
2026-02-14,ST008,MED002,SUP02,10.86,3.76,1.4,28,80,60,0,24
2026-02-14,ST008,MED003,SUP03,2.21,3.75,1.34,7,18,10,24,0
2026-02-14,ST008,MED004,SUP04,6.93,3.75,1.36,17,50,36,0,24
2026-02-14,ST008,MED005,SUP01,9.29,3.8,1.38,23,68,37,72,0
2026-02-14,ST008,MED006,SUP02,8.36,3.76,1.4,22,62,13,60,0
2026-02-14,ST008,MED007,SUP03,3.21,3.75,1.34,10,26,25,0,24
2026-02-14,ST008,MED008,SUP04,3.86,3.75,1.36,11,30,5,24,12
2026-02-14,ST008,MED009,SUP01,9.0,3.8,1.38,22,66,10,60,0
2026-02-14,ST008,MED010,SUP02,4.0,3.76,1.4,13,33,7,24,12
2026-02-14,ST008,MED011,SUP03,9.93,3.75,1.34,24,72,38,66,0
2026-02-14,ST008,MED012,SUP04,9.14,3.75,1.36,22,66,44,0,24
2026-02-14,ST008,MED013,SUP01,6.64,3.8,1.38,16,48,40,0,12
2026-02-14,ST008,MED014,SUP02,5.64,3.76,1.4,14,41,3,48,0
2026-02-14,ST008,MED015,SUP03,10.64,3.75,1.34,26,77,32,72,0
2026-02-14,ST008,MED016,SUP04,6.86,3.75,1.36,17,50,0,48,24
2026-02-14,ST008,MED017,SUP01,11.36,3.8,1.38,29,84,8,72,12
2026-02-14,ST008,MED018,SUP02,4.29,3.76,1.4,12,33,5,48,0
2026-02-14,ST008,MED019,SUP03,3.07,3.75,1.34,10,25,9,24,0
2026-02-14,ST008,MED020,SUP04,7.43,3.75,1.36,18,54,46,0,24
2026-02-14,ST008,MED021,SUP01,8.57,3.8,1.38,22,64,20,54,0
2026-02-14,ST008,MED022,SUP02,4.21,3.76,1.4,12,33,31,0,6
2026-02-14,ST008,MED023,SUP03,11.29,3.75,1.34,27,81,63,0,24
2026-02-14,ST008,MED024,SUP04,10.36,3.75,1.36,25,75,39,72,0
2026-02-14,ST008,MED025,SUP01,4.36,3.8,1.38,12,33,18,36,0
2026-02-14,ST008,MED026,SUP02,11.21,3.76,1.4,29,83,5,72,24
2026-02-14,ST008,MED027,SUP03,9.79,3.75,1.34,23,70,53,0,24
2026-02-14,ST008,MED028,SUP04,4.79,3.75,1.36,14,37,45,0,0
2026-02-14,ST008,MED029,SUP01,7.71,3.8,1.38,20,57,27,72,0
2026-02-14,ST008,MED030,SUP02,3.36,3.76,1.4,13,29,23,0,6
2026-02-14,ST009,MED001,SUP01,10.93,3.8,1.38,26,79,11,72,0
2026-02-14,ST009,MED002,SUP02,10.79,3.76,1.4,27,79,40,60,0
2026-02-14,ST009,MED003,SUP03,2.64,3.75,1.34,8,21,26,0,0
2026-02-14,ST009,MED004,SUP04,7.5,3.75,1.36,20,56,43,0,24
2026-02-14,ST009,MED005,SUP01,11.79,3.8,1.38,28,85,41,60,0
2026-02-14,ST009,MED006,SUP02,9.79,3.76,1.4,24,71,44,0,36
2026-02-14,ST009,MED007,SUP03,2.86,3.75,1.34,9,23,5,24,0
2026-02-14,ST009,MED008,SUP04,2.79,3.75,1.36,10,24,26,0,0
2026-02-14,ST009,MED009,SUP01,8.64,3.8,1.38,22,64,33,60,0
2026-02-14,ST009,MED010,SUP02,3.07,3.76,1.4,10,25,17,0,12
2026-02-14,ST009,MED011,SUP03,11.43,3.75,1.34,27,82,0,66,18
2026-02-14,ST009,MED012,SUP04,9.29,3.75,1.36,22,67,47,0,24
2026-02-14,ST009,MED013,SUP01,7.36,3.8,1.38,19,55,14,48,0
2026-02-14,ST009,MED014,SUP02,4.64,3.76,1.4,13,36,25,0,24
2026-02-14,ST009,MED015,SUP03,12.14,3.75,1.34,28,86,33,72,0
2026-02-14,ST009,MED016,SUP04,7.71,3.75,1.36,19,56,0,48,24
2026-02-14,ST009,MED017,SUP01,11.07,3.8,1.38,29,83,1,60,24
2026-02-14,ST009,MED018,SUP02,6.21,3.76,1.4,16,46,37,0,24
2026-02-14,ST009,MED019,SUP03,2.64,3.75,1.34,9,22,11,24,0
2026-02-14,ST009,MED020,SUP04,7.07,3.75,1.36,18,52,20,48,0
2026-02-14,ST009,MED021,SUP01,9.29,3.8,1.38,23,68,29,54,0
2026-02-14,ST009,MED022,SUP02,6.71,3.76,1.4,18,50,8,42,0
2026-02-14,ST009,MED023,SUP03,11.14,3.75,1.34,28,81,42,60,0
2026-02-14,ST009,MED024,SUP04,11.57,3.75,1.36,29,84,34,72,0
2026-02-14,ST009,MED025,SUP01,6.29,3.8,1.38,16,47,37,0,12
2026-02-14,ST009,MED026,SUP02,11.21,3.76,1.4,28,82,63,0,24
2026-02-14,ST009,MED027,SUP03,11.93,3.75,1.34,29,86,62,0,24
2026-02-14,ST009,MED028,SUP04,6.07,3.75,1.36,17,46,24,0,24
2026-02-14,ST009,MED029,SUP01,8.79,3.8,1.38,21,64,52,0,24
2026-02-14,ST009,MED030,SUP02,5.29,3.76,1.4,15,41,13,30,0
2026-02-14,ST010,MED001,SUP01,11.64,3.8,1.38,28,84,18,72,0
2026-02-14,ST010,MED002,SUP02,11.14,3.76,1.4,27,81,26,66,0
2026-02-14,ST010,MED003,SUP03,3.86,3.75,1.34,12,31,16,0,24
2026-02-14,ST010,MED004,SUP04,7.57,3.75,1.36,19,55,50,0,12
2026-02-14,ST010,MED005,SUP01,10.71,3.8,1.38,26,78,50,0,36
2026-02-14,ST010,MED006,SUP02,10.86,3.76,1.4,26,78,38,60,0
2026-02-14,ST010,MED007,SUP03,4.93,3.75,1.34,16,40,7,24,24
2026-02-14,ST010,MED008,SUP04,2.21,3.75,1.36,7,18,18,0,0
2026-02-14,ST010,MED009,SUP01,9.86,3.8,1.38,25,73,36,60,0
2026-02-14,ST010,MED010,SUP02,3.71,3.76,1.4,10,28,5,36,0
2026-02-14,ST010,MED011,SUP03,12.14,3.75,1.34,29,87,42,60,0
2026-02-14,ST010,MED012,SUP04,11.21,3.75,1.36,26,80,18,72,0
2026-02-14,ST010,MED013,SUP01,7.79,3.8,1.38,20,58,27,36,0
2026-02-14,ST010,MED014,SUP02,4.93,3.76,1.4,14,38,0,48,0
2026-02-14,ST010,MED015,SUP03,14.29,3.75,1.34,34,102,27,72,24
2026-02-14,ST010,MED016,SUP04,6.36,3.75,1.36,16,47,55,0,0
2026-02-14,ST010,MED017,SUP01,10.93,3.8,1.38,27,80,33,72,0
2026-02-14,ST010,MED018,SUP02,6.5,3.76,1.4,16,47,50,0,0
2026-02-14,ST010,MED019,SUP03,2.57,3.75,1.34,8,21,15,0,24
2026-02-14,ST010,MED020,SUP04,8.79,3.75,1.36,21,63,5,48,24
2026-02-14,ST010,MED021,SUP01,10.64,3.8,1.38,26,78,25,66,0
2026-02-14,ST010,MED022,SUP02,8.43,3.76,1.4,22,63,18,36,12
2026-02-14,ST010,MED023,SUP03,10.93,3.75,1.34,25,77,54,0,24
2026-02-14,ST010,MED024,SUP04,12.14,3.75,1.36,29,87,64,0,24
2026-02-14,ST010,MED025,SUP01,5.64,3.8,1.38,15,43,42,0,12
2026-02-14,ST010,MED026,SUP02,12.14,3.76,1.4,29,87,34,72,0
2026-02-14,ST010,MED027,SUP03,12.21,3.75,1.34,28,87,53,0,36
2026-02-14,ST010,MED028,SUP04,5.36,3.75,1.36,15,41,25,0,24
2026-02-14,ST010,MED029,SUP01,9.86,3.8,1.38,24,72,29,72,0
2026-02-14,ST010,MED030,SUP02,5.93,3.76,1.4,16,45,22,0,24
2026-02-14,ST011,MED001,SUP01,12.29,3.8,1.38,29,88,58,0,48
2026-02-14,ST011,MED002,SUP02,14.14,3.76,1.4,34,102,0,60,42
2026-02-14,ST011,MED003,SUP03,4.36,3.75,1.34,13,34,12,0,24
2026-02-14,ST011,MED004,SUP04,7.07,3.75,1.36,18,52,47,0,12
2026-02-14,ST011,MED005,SUP01,13.29,3.8,1.38,33,97,50,0,48
2026-02-14,ST011,MED006,SUP02,11.21,3.76,1.4,28,82,0,60,24
2026-02-14,ST011,MED007,SUP03,2.5,3.75,1.34,9,21,4,24,0
2026-02-14,ST011,MED008,SUP04,4.36,3.75,1.36,12,33,10,24,0
2026-02-14,ST011,MED009,SUP01,12.14,3.8,1.38,29,88,23,60,12
2026-02-14,ST011,MED010,SUP02,5.21,3.76,1.4,14,39,0,24,24
2026-02-14,ST011,MED011,SUP03,12.93,3.75,1.34,30,92,45,0,48
2026-02-14,ST011,MED012,SUP04,12.29,3.75,1.36,29,88,55,0,36
2026-02-14,ST011,MED013,SUP01,7.57,3.8,1.38,19,56,33,0,24
2026-02-14,ST011,MED014,SUP02,5.43,3.76,1.4,14,40,25,0,24
2026-02-14,ST011,MED015,SUP03,13.79,3.75,1.34,32,98,4,72,24
2026-02-14,ST011,MED016,SUP04,7.64,3.75,1.36,19,56,29,0,48
2026-02-14,ST011,MED017,SUP01,13.14,3.8,1.38,31,95,20,72,12
2026-02-14,ST011,MED018,SUP02,6.5,3.76,1.4,17,48,12,48,0
2026-02-14,ST011,MED019,SUP03,5.07,3.75,1.34,14,39,3,24,24
2026-02-14,ST011,MED020,SUP04,6.71,3.75,1.36,17,49,48,0,24
2026-02-14,ST011,MED021,SUP01,11.0,3.8,1.38,27,80,47,0,36
2026-02-14,ST011,MED022,SUP02,7.5,3.76,1.4,19,55,27,36,0
2026-02-14,ST011,MED023,SUP03,12.5,3.75,1.34,29,89,7,72,12
2026-02-14,ST011,MED024,SUP04,13.64,3.75,1.36,32,97,75,0,24
2026-02-14,ST011,MED025,SUP01,6.29,3.8,1.38,17,48,33,0,24
2026-02-14,ST011,MED026,SUP02,13.0,3.76,1.4,31,93,17,72,24
2026-02-14,ST011,MED027,SUP03,13.43,3.75,1.34,31,95,56,0,48
2026-02-14,ST011,MED028,SUP04,7.36,3.75,1.36,19,54,35,0,24
2026-02-14,ST011,MED029,SUP01,11.07,3.8,1.38,26,80,0,72,24
2026-02-14,ST011,MED030,SUP02,5.93,3.76,1.4,16,45,14,36,0
2026-02-14,ST012,MED001,SUP01,12.93,3.8,1.38,30,93,35,72,0
2026-02-14,ST012,MED002,SUP02,13.93,3.76,1.4,34,101,0,66,36
2026-02-14,ST012,MED003,SUP03,3.07,3.75,1.34,9,24,10,24,0
2026-02-14,ST012,MED004,SUP04,9.57,3.75,1.36,22,68,19,48,12
2026-02-14,ST012,MED005,SUP01,14.57,3.8,1.38,35,105,25,84,0
2026-02-14,ST012,MED006,SUP02,11.36,3.76,1.4,28,83,27,72,0
2026-02-14,ST012,MED007,SUP03,3.43,3.75,1.34,10,27,11,24,0
2026-02-14,ST012,MED008,SUP04,3.79,3.75,1.36,11,29,10,24,0
2026-02-14,ST012,MED009,SUP01,13.43,3.8,1.38,32,97,0,60,48
2026-02-14,ST012,MED010,SUP02,5.14,3.76,1.4,14,39,12,24,12
2026-02-14,ST012,MED011,SUP03,14.0,3.75,1.34,32,99,20,66,18
2026-02-14,ST012,MED012,SUP04,13.21,3.75,1.36,32,95,18,60,24
2026-02-14,ST012,MED013,SUP01,8.57,3.8,1.38,21,63,20,36,12
2026-02-14,ST012,MED014,SUP02,6.71,3.76,1.4,18,50,18,48,0
2026-02-14,ST012,MED015,SUP03,14.86,3.75,1.34,35,106,0,72,48
2026-02-14,ST012,MED016,SUP04,9.93,3.75,1.36,23,71,11,48,24
2026-02-14,ST012,MED017,SUP01,15.07,3.8,1.38,36,109,29,72,12
2026-02-14,ST012,MED018,SUP02,9.0,3.76,1.4,23,66,10,48,24
2026-02-14,ST012,MED019,SUP03,4.21,3.75,1.34,12,33,11,24,0
2026-02-14,ST012,MED020,SUP04,8.21,3.75,1.36,20,60,33,0,48
2026-02-14,ST012,MED021,SUP01,12.43,3.8,1.38,30,90,46,0,48
2026-02-14,ST012,MED022,SUP02,8.07,3.76,1.4,21,60,20,48,0
2026-02-14,ST012,MED023,SUP03,13.43,3.75,1.34,31,95,47,0,48
2026-02-14,ST012,MED024,SUP04,14.79,3.75,1.36,35,106,26,72,12
2026-02-14,ST012,MED025,SUP01,7.36,3.8,1.38,18,54,28,0,36
2026-02-14,ST012,MED026,SUP02,14.64,3.76,1.4,35,105,56,0,72
2026-02-14,ST012,MED027,SUP03,13.86,3.75,1.34,33,99,22,72,12
2026-02-14,ST012,MED028,SUP04,6.93,3.75,1.36,17,50,50,0,0
2026-02-14,ST012,MED029,SUP01,12.29,3.8,1.38,29,88,8,72,24
2026-02-14,ST012,MED030,SUP02,6.43,3.76,1.4,16,47,10,30,12
2026-02-14,ST013,MED001,SUP01,15.64,3.8,1.38,38,114,18,72,24
2026-02-14,ST013,MED002,SUP02,15.29,3.76,1.4,36,109,0,72,42
2026-02-14,ST013,MED003,SUP03,4.14,3.75,1.34,13,33,19,0,24
2026-02-14,ST013,MED004,SUP04,11.0,3.75,1.36,27,80,19,60,12
2026-02-14,ST013,MED005,SUP01,15.93,3.8,1.38,39,116,30,72,24
2026-02-14,ST013,MED006,SUP02,14.29,3.76,1.4,36,104,0,60,48
2026-02-14,ST013,MED007,SUP03,4.0,3.75,1.34,12,32,15,0,24
2026-02-14,ST013,MED008,SUP04,4.14,3.75,1.36,12,32,3,24,12
2026-02-14,ST013,MED009,SUP01,12.93,3.8,1.38,31,94,9,60,36
2026-02-14,ST013,MED010,SUP02,4.57,3.76,1.4,12,34,17,0,24
2026-02-14,ST013,MED011,SUP03,14.93,3.75,1.34,34,105,0,60,48
2026-02-14,ST013,MED012,SUP04,14.21,3.75,1.36,34,102,44,0,60
2026-02-14,ST013,MED013,SUP01,10.43,3.8,1.38,25,76,0,48,36
2026-02-14,ST013,MED014,SUP02,7.5,3.76,1.4,19,55,22,0,48
2026-02-14,ST013,MED015,SUP03,16.57,3.75,1.34,38,117,25,96,0
2026-02-14,ST013,MED016,SUP04,9.36,3.75,1.36,23,68,20,48,0
2026-02-14,ST013,MED017,SUP01,14.79,3.8,1.38,35,106,57,0,60
2026-02-14,ST013,MED018,SUP02,8.0,3.76,1.4,20,59,26,0,48
2026-02-14,ST013,MED019,SUP03,3.64,3.75,1.34,11,29,5,24,0
2026-02-14,ST013,MED020,SUP04,10.93,3.75,1.36,27,79,0,48,48
2026-02-14,ST013,MED021,SUP01,13.86,3.8,1.38,34,101,28,66,12
2026-02-14,ST013,MED022,SUP02,9.29,3.76,1.4,23,68,25,42,6
2026-02-14,ST013,MED023,SUP03,15.14,3.75,1.34,36,108,0,60,48
2026-02-14,ST013,MED024,SUP04,17.71,3.75,1.36,42,127,59,0,72
2026-02-14,ST013,MED025,SUP01,9.5,3.8,1.38,24,70,17,48,12
2026-02-14,ST013,MED026,SUP02,14.29,3.76,1.4,34,102,81,0,24
2026-02-14,ST013,MED027,SUP03,17.14,3.75,1.34,40,122,0,72,60
2026-02-14,ST013,MED028,SUP04,8.86,3.75,1.36,22,65,9,48,24
2026-02-14,ST013,MED029,SUP01,12.07,3.8,1.38,29,87,7,48,48
2026-02-14,ST013,MED030,SUP02,7.0,3.76,1.4,18,52,8,30,18
2026-02-14,ST014,MED001,SUP01,8.5,3.8,1.38,21,62,20,72,0
2026-02-14,ST014,MED002,SUP02,9.29,3.76,1.4,22,67,15,60,0
2026-02-14,ST014,MED003,SUP03,1.79,3.75,1.34,7,16,27,0,0
2026-02-14,ST014,MED004,SUP04,6.21,3.75,1.36,16,46,19,48,0
2026-02-14,ST014,MED005,SUP01,9.29,3.8,1.38,23,68,10,72,0
2026-02-14,ST014,MED006,SUP02,9.79,3.76,1.4,24,71,50,0,24
2026-02-14,ST014,MED007,SUP03,2.0,3.75,1.34,8,18,10,24,0
2026-02-14,ST014,MED008,SUP04,3.71,3.75,1.36,11,29,5,24,0
2026-02-14,ST014,MED009,SUP01,7.64,3.8,1.38,21,58,68,0,0
2026-02-14,ST014,MED010,SUP02,3.86,3.76,1.4,13,32,1,24,12
2026-02-14,ST014,MED011,SUP03,9.93,3.75,1.34,25,73,29,72,0
2026-02-14,ST014,MED012,SUP04,6.86,3.75,1.36,17,50,30,60,0
2026-02-14,ST014,MED013,SUP01,5.07,3.8,1.38,14,39,7,48,0
2026-02-14,ST014,MED014,SUP02,2.43,3.76,1.4,8,20,25,0,0
2026-02-14,ST014,MED015,SUP03,9.07,3.75,1.34,22,66,94,0,0
2026-02-14,ST014,MED016,SUP04,5.93,3.75,1.36,15,44,42,0,24
2026-02-14,ST014,MED017,SUP01,8.71,3.8,1.38,22,64,51,0,24
2026-02-14,ST014,MED018,SUP02,4.43,3.76,1.4,14,36,11,48,0
2026-02-14,ST014,MED019,SUP03,3.43,3.75,1.34,10,27,7,24,0
2026-02-14,ST014,MED020,SUP04,5.29,3.75,1.36,16,42,36,0,24
2026-02-14,ST014,MED021,SUP01,8.14,3.8,1.38,20,60,61,0,0
2026-02-14,ST014,MED022,SUP02,5.43,3.76,1.4,14,40,12,42,0
2026-02-14,ST014,MED023,SUP03,8.5,3.75,1.34,20,61,49,0,12
2026-02-14,ST014,MED024,SUP04,8.07,3.75,1.36,20,59,44,72,0
2026-02-14,ST014,MED025,SUP01,4.86,3.8,1.38,16,40,29,0,12
2026-02-14,ST014,MED026,SUP02,8.14,3.76,1.4,20,59,20,72,0
2026-02-14,ST014,MED027,SUP03,9.93,3.75,1.34,24,72,1,72,0
2026-02-14,ST014,MED028,SUP04,4.64,3.75,1.36,13,36,60,0,0
2026-02-14,ST014,MED029,SUP01,8.14,3.8,1.38,21,61,18,72,0
2026-02-14,ST014,MED030,SUP02,4.43,3.76,1.4,12,34,18,30,0
2026-02-14,ST015,MED001,SUP01,9.93,3.8,1.38,25,73,5,72,0
2026-02-14,ST015,MED002,SUP02,10.79,3.76,1.4,26,78,72,0,6
2026-02-14,ST015,MED003,SUP03,3.14,3.75,1.34,10,25,13,0,24
2026-02-14,ST015,MED004,SUP04,7.29,3.75,1.36,18,53,12,48,0
2026-02-14,ST015,MED005,SUP01,8.36,3.8,1.38,21,62,64,0,0
2026-02-14,ST015,MED006,SUP02,8.21,3.76,1.4,21,61,67,0,0
2026-02-14,ST015,MED007,SUP03,2.21,3.75,1.34,8,19,18,0,24
2026-02-14,ST015,MED008,SUP04,2.79,3.75,1.36,9,23,26,0,0
2026-02-14,ST015,MED009,SUP01,8.29,3.8,1.38,21,61,38,60,0
2026-02-14,ST015,MED010,SUP02,2.93,3.76,1.4,9,23,19,0,12
2026-02-14,ST015,MED011,SUP03,10.0,3.75,1.34,24,72,44,0,30
2026-02-14,ST015,MED012,SUP04,9.64,3.75,1.36,23,69,0,60,12
2026-02-14,ST015,MED013,SUP01,5.29,3.8,1.38,13,39,61,0,0
2026-02-14,ST015,MED014,SUP02,3.93,3.76,1.4,11,30,45,0,0
2026-02-14,ST015,MED015,SUP03,11.86,3.75,1.34,29,86,82,0,24
2026-02-14,ST015,MED016,SUP04,6.57,3.75,1.36,17,49,45,0,24
2026-02-14,ST015,MED017,SUP01,9.0,3.8,1.38,22,66,1,72,0
2026-02-14,ST015,MED018,SUP02,4.5,3.76,1.4,13,35,20,48,0
2026-02-14,ST015,MED019,SUP03,2.29,3.75,1.34,9,20,6,24,0
2026-02-14,ST015,MED020,SUP04,6.07,3.75,1.36,16,45,45,0,0
2026-02-14,ST015,MED021,SUP01,8.86,3.8,1.38,22,65,54,0,12
2026-02-14,ST015,MED022,SUP02,6.86,3.76,1.4,17,50,44,0,6
2026-02-14,ST015,MED023,SUP03,9.86,3.75,1.34,25,72,33,72,0
2026-02-14,ST015,MED024,SUP04,10.57,3.75,1.36,26,77,48,0,36
2026-02-14,ST015,MED025,SUP01,5.29,3.8,1.38,14,40,16,36,0
2026-02-14,ST015,MED026,SUP02,8.71,3.76,1.4,23,65,63,0,24
2026-02-14,ST015,MED027,SUP03,10.86,3.75,1.34,25,77,52,0,36
2026-02-14,ST015,MED028,SUP04,6.36,3.75,1.36,16,47,45,0,24
2026-02-14,ST015,MED029,SUP01,7.79,3.8,1.38,19,57,28,72,0
2026-02-14,ST015,MED030,SUP02,4.07,3.76,1.4,12,32,28,0,6
2026-02-14,ST016,MED001,SUP01,10.86,3.8,1.38,26,79,11,72,0
2026-02-14,ST016,MED002,SUP02,10.0,3.76,1.4,25,73,26,66,0
2026-02-14,ST016,MED003,SUP03,3.79,3.75,1.34,11,29,21,0,24
2026-02-14,ST016,MED004,SUP04,7.43,3.75,1.36,19,55,0,48,12
2026-02-14,ST016,MED005,SUP01,10.43,3.8,1.38,27,78,62,0,24
2026-02-14,ST016,MED006,SUP02,9.64,3.76,1.4,25,71,5,60,12
2026-02-14,ST016,MED007,SUP03,2.43,3.75,1.34,9,21,22,0,0
2026-02-14,ST016,MED008,SUP04,3.5,3.75,1.36,9,26,6,24,0
2026-02-14,ST016,MED009,SUP01,9.71,3.8,1.38,24,71,20,60,0
2026-02-14,ST016,MED010,SUP02,4.14,3.76,1.4,12,32,10,24,0
2026-02-14,ST016,MED011,SUP03,10.71,3.75,1.34,25,76,46,0,30
2026-02-14,ST016,MED012,SUP04,10.0,3.75,1.36,24,72,36,60,0
2026-02-14,ST016,MED013,SUP01,7.0,3.8,1.38,18,52,0,48,12
2026-02-14,ST016,MED014,SUP02,5.43,3.76,1.4,17,43,24,0,24
2026-02-14,ST016,MED015,SUP03,13.07,3.75,1.34,33,96,51,0,48
2026-02-14,ST016,MED016,SUP04,6.79,3.75,1.36,17,50,57,0,0
2026-02-14,ST016,MED017,SUP01,9.79,3.8,1.38,24,71,23,60,0
2026-02-14,ST016,MED018,SUP02,6.14,3.76,1.4,16,46,39,0,24
2026-02-14,ST016,MED019,SUP03,3.36,3.75,1.34,12,28,0,24,24
2026-02-14,ST016,MED020,SUP04,7.71,3.75,1.36,20,57,36,0,24
2026-02-14,ST016,MED021,SUP01,10.07,3.8,1.38,27,76,30,60,0
2026-02-14,ST016,MED022,SUP02,6.93,3.76,1.4,18,51,0,42,12
2026-02-14,ST016,MED023,SUP03,10.93,3.75,1.34,26,78,23,72,0
2026-02-14,ST016,MED024,SUP04,11.64,3.75,1.36,27,83,17,72,0
2026-02-14,ST016,MED025,SUP01,6.36,3.8,1.38,18,49,5,48,0
2026-02-14,ST016,MED026,SUP02,10.43,3.76,1.4,26,76,51,0,48
2026-02-14,ST016,MED027,SUP03,11.86,3.75,1.34,28,85,23,72,0
2026-02-14,ST016,MED028,SUP04,6.21,3.75,1.36,16,46,5,48,0
2026-02-14,ST016,MED029,SUP01,8.29,3.8,1.38,21,61,39,0,24
2026-02-14,ST016,MED030,SUP02,6.0,3.76,1.4,17,46,26,0,24
2026-02-14,ST017,MED001,SUP01,11.93,3.8,1.38,29,87,16,72,0
2026-02-14,ST017,MED002,SUP02,11.57,3.76,1.4,28,84,8,60,18
2026-02-14,ST017,MED003,SUP03,3.0,3.75,1.34,9,24,16,0,24
2026-02-14,ST017,MED004,SUP04,8.0,3.75,1.36,20,59,0,48,12
2026-02-14,ST017,MED005,SUP01,11.71,3.8,1.38,28,85,60,0,36
2026-02-14,ST017,MED006,SUP02,10.64,3.76,1.4,27,78,24,72,0
2026-02-14,ST017,MED007,SUP03,2.43,3.75,1.34,8,20,20,0,0
2026-02-14,ST017,MED008,SUP04,4.29,3.75,1.36,12,33,0,24,12
2026-02-14,ST017,MED009,SUP01,11.36,3.8,1.38,27,82,54,0,36
2026-02-14,ST017,MED010,SUP02,4.64,3.76,1.4,12,35,11,24,0
2026-02-14,ST017,MED011,SUP03,12.14,3.75,1.34,28,86,0,60,30
2026-02-14,ST017,MED012,SUP04,10.93,3.75,1.36,27,79,34,60,0
2026-02-14,ST017,MED013,SUP01,6.86,3.8,1.38,18,51,42,0,12
2026-02-14,ST017,MED014,SUP02,5.5,3.76,1.4,15,42,23,0,24
2026-02-14,ST017,MED015,SUP03,13.71,3.75,1.34,32,98,18,96,0
2026-02-14,ST017,MED016,SUP04,6.79,3.75,1.36,18,51,16,48,0
2026-02-14,ST017,MED017,SUP01,11.14,3.8,1.38,27,81,48,0,36
2026-02-14,ST017,MED018,SUP02,5.43,3.76,1.4,16,42,49,0,0
2026-02-14,ST017,MED019,SUP03,2.36,3.75,1.34,7,19,7,24,0
2026-02-14,ST017,MED020,SUP04,7.0,3.75,1.36,19,53,2,48,24
2026-02-14,ST017,MED021,SUP01,12.14,3.8,1.38,30,89,0,60,30
2026-02-14,ST017,MED022,SUP02,6.57,3.76,1.4,17,49,40,0,12
2026-02-14,ST017,MED023,SUP03,11.36,3.75,1.34,26,80,67,0,24
2026-02-14,ST017,MED024,SUP04,12.57,3.75,1.36,30,90,85,0,12
2026-02-14,ST017,MED025,SUP01,6.29,3.8,1.38,16,47,24,0,24
2026-02-14,ST017,MED026,SUP02,12.36,3.76,1.4,29,88,60,0,48
2026-02-14,ST017,MED027,SUP03,13.0,3.75,1.34,31,93,70,0,24
2026-02-14,ST017,MED028,SUP04,5.86,3.75,1.36,15,43,27,0,24
2026-02-14,ST017,MED029,SUP01,8.43,3.8,1.38,22,63,85,0,0
2026-02-14,ST017,MED030,SUP02,5.14,3.76,1.4,15,40,30,0,12
2026-02-14,ST018,MED001,SUP01,12.79,3.8,1.38,30,92,35,72,0
2026-02-14,ST018,MED002,SUP02,13.71,3.76,1.4,34,100,0,60,42
2026-02-14,ST018,MED003,SUP03,3.5,3.75,1.34,11,28,0,24,24
2026-02-14,ST018,MED004,SUP04,9.29,3.75,1.36,22,67,48,0,24
2026-02-14,ST018,MED005,SUP01,13.43,3.8,1.38,33,98,0,72,36
2026-02-14,ST018,MED006,SUP02,12.57,3.76,1.4,30,90,36,60,0
2026-02-14,ST018,MED007,SUP03,4.07,3.75,1.34,11,31,0,24,24
2026-02-14,ST018,MED008,SUP04,3.43,3.75,1.36,10,27,19,0,12
2026-02-14,ST018,MED009,SUP01,12.29,3.8,1.38,32,91,10,60,24
2026-02-14,ST018,MED010,SUP02,4.43,3.76,1.4,13,35,18,0,24
2026-02-14,ST018,MED011,SUP03,14.0,3.75,1.34,34,101,2,72,30
2026-02-14,ST018,MED012,SUP04,11.93,3.75,1.36,28,85,12,60,24
2026-02-14,ST018,MED013,SUP01,7.93,3.8,1.38,20,59,16,48,0
2026-02-14,ST018,MED014,SUP02,7.29,3.76,1.4,19,54,27,0,48
2026-02-14,ST018,MED015,SUP03,14.5,3.75,1.34,34,103,0,72,48
2026-02-14,ST018,MED016,SUP04,7.36,3.75,1.36,18,53,20,48,0
2026-02-14,ST018,MED017,SUP01,11.21,3.8,1.38,26,80,69,0,12
2026-02-14,ST018,MED018,SUP02,6.36,3.76,1.4,17,48,11,48,0
2026-02-14,ST018,MED019,SUP03,4.36,3.75,1.34,13,34,7,24,24
2026-02-14,ST018,MED020,SUP04,7.57,3.75,1.36,19,55,19,48,0
2026-02-14,ST018,MED021,SUP01,11.43,3.8,1.38,28,83,43,0,42
2026-02-14,ST018,MED022,SUP02,8.14,3.76,1.4,21,60,23,42,0
2026-02-14,ST018,MED023,SUP03,13.36,3.75,1.34,32,96,30,72,0
2026-02-14,ST018,MED024,SUP04,13.64,3.75,1.36,32,97,57,0,48
2026-02-14,ST018,MED025,SUP01,6.29,3.8,1.38,15,46,41,0,12
2026-02-14,ST018,MED026,SUP02,13.43,3.76,1.4,32,96,44,0,72
2026-02-14,ST018,MED027,SUP03,12.86,3.75,1.34,30,92,45,72,0
2026-02-14,ST018,MED028,SUP04,7.36,3.75,1.36,18,53,25,0,48
2026-02-14,ST018,MED029,SUP01,9.79,3.8,1.38,24,71,39,0,48
2026-02-14,ST018,MED030,SUP02,6.5,3.76,1.4,17,48,15,30,6
2026-02-14,ST019,MED001,SUP01,12.79,3.8,1.38,31,93,0,72,24
2026-02-14,ST019,MED002,SUP02,14.36,3.76,1.4,34,103,32,72,0
2026-02-14,ST019,MED003,SUP03,5.0,3.75,1.34,13,37,0,24,24
2026-02-14,ST019,MED004,SUP04,9.79,3.75,1.36,23,70,18,48,12
2026-02-14,ST019,MED005,SUP01,14.86,3.8,1.38,38,110,2,72,36
2026-02-14,ST019,MED006,SUP02,13.21,3.76,1.4,32,95,0,60,36
2026-02-14,ST019,MED007,SUP03,3.79,3.75,1.34,12,30,6,24,0
2026-02-14,ST019,MED008,SUP04,4.29,3.75,1.36,13,34,8,24,12
2026-02-14,ST019,MED009,SUP01,12.79,3.8,1.38,30,92,4,60,36
2026-02-14,ST019,MED010,SUP02,5.36,3.76,1.4,14,40,30,0,12
2026-02-14,ST019,MED011,SUP03,14.79,3.75,1.34,35,106,52,0,54
2026-02-14,ST019,MED012,SUP04,12.21,3.75,1.36,29,88,23,60,12
2026-02-14,ST019,MED013,SUP01,8.43,3.8,1.38,22,63,22,48,0
2026-02-14,ST019,MED014,SUP02,5.5,3.76,1.4,14,41,17,48,0
2026-02-14,ST019,MED015,SUP03,14.71,3.75,1.34,34,104,13,72,24
2026-02-14,ST019,MED016,SUP04,8.29,3.75,1.36,20,60,5,48,24
2026-02-14,ST019,MED017,SUP01,13.93,3.8,1.38,33,100,2,72,36
2026-02-14,ST019,MED018,SUP02,7.79,3.76,1.4,19,57,23,48,0
2026-02-14,ST019,MED019,SUP03,3.93,3.75,1.34,11,30,2,24,24
2026-02-14,ST019,MED020,SUP04,8.64,3.75,1.36,22,64,47,0,24
2026-02-14,ST019,MED021,SUP01,11.14,3.8,1.38,27,81,34,60,0
2026-02-14,ST019,MED022,SUP02,9.07,3.76,1.4,22,66,11,42,18
2026-02-14,ST019,MED023,SUP03,13.5,3.75,1.34,31,96,47,0,60
2026-02-14,ST019,MED024,SUP04,16.21,3.75,1.36,40,118,13,72,36
2026-02-14,ST019,MED025,SUP01,7.43,3.8,1.38,19,55,12,36,12
2026-02-14,ST019,MED026,SUP02,14.79,3.76,1.4,35,106,41,72,0
2026-02-14,ST019,MED027,SUP03,14.29,3.75,1.34,33,101,67,0,36
2026-02-14,ST019,MED028,SUP04,7.29,3.75,1.36,18,53,9,48,0
2026-02-14,ST019,MED029,SUP01,10.93,3.8,1.38,27,80,36,0,48
2026-02-14,ST019,MED030,SUP02,6.64,3.76,1.4,17,49,0,30,24
2026-02-14,ST020,MED001,SUP01,14.93,3.8,1.38,35,107,87,0,24
2026-02-14,ST020,MED002,SUP02,13.93,3.76,1.4,33,100,0,72,30
2026-02-14,ST020,MED003,SUP03,3.71,3.75,1.34,12,30,1,24,24
2026-02-14,ST020,MED004,SUP04,9.79,3.75,1.36,23,70,7,48,24
2026-02-14,ST020,MED005,SUP01,14.29,3.8,1.38,34,103,24,60,24
2026-02-14,ST020,MED006,SUP02,12.57,3.76,1.4,30,90,40,0,60
2026-02-14,ST020,MED007,SUP03,4.07,3.75,1.34,13,33,0,24,24
2026-02-14,ST020,MED008,SUP04,4.36,3.75,1.36,12,33,9,24,0
2026-02-14,ST020,MED009,SUP01,13.43,3.8,1.38,33,98,24,60,24
2026-02-14,ST020,MED010,SUP02,5.29,3.76,1.4,14,40,23,0,24
2026-02-14,ST020,MED011,SUP03,14.43,3.75,1.34,33,102,4,72,30
2026-02-14,ST020,MED012,SUP04,13.36,3.75,1.36,33,97,0,60,48
2026-02-14,ST020,MED013,SUP01,9.93,3.8,1.38,25,73,0,48,36
2026-02-14,ST020,MED014,SUP02,7.14,3.76,1.4,19,53,25,0,48
2026-02-14,ST020,MED015,SUP03,15.5,3.75,1.34,36,110,0,72,48
2026-02-14,ST020,MED016,SUP04,9.86,3.75,1.36,25,72,0,48,24
2026-02-14,ST020,MED017,SUP01,15.57,3.8,1.38,37,112,0,60,60
2026-02-14,ST020,MED018,SUP02,8.14,3.76,1.4,20,59,0,48,24
2026-02-14,ST020,MED019,SUP03,5.0,3.75,1.34,14,38,0,24,24
2026-02-14,ST020,MED020,SUP04,8.64,3.75,1.36,21,63,26,48,0
2026-02-14,ST020,MED021,SUP01,14.71,3.8,1.38,35,106,51,0,60
2026-02-14,ST020,MED022,SUP02,9.79,3.76,1.4,25,72,29,0,48
2026-02-14,ST020,MED023,SUP03,14.64,3.75,1.34,34,104,22,72,12
2026-02-14,ST020,MED024,SUP04,16.36,3.75,1.36,40,118,0,72,48
2026-02-14,ST020,MED025,SUP01,7.43,3.8,1.38,20,56,2,48,12
2026-02-14,ST020,MED026,SUP02,14.29,3.76,1.4,34,102,57,0,48
2026-02-14,ST020,MED027,SUP03,17.14,3.75,1.34,40,122,67,0,60
2026-02-14,ST020,MED028,SUP04,7.79,3.75,1.36,19,56,36,0,24
2026-02-14,ST020,MED029,SUP01,11.5,3.8,1.38,27,83,4,72,24
2026-02-14,ST020,MED030,SUP02,6.36,3.76,1.4,18,49,17,30,6
2026-02-14,ST021,MED001,SUP01,8.5,3.8,1.38,22,63,35,72,0
2026-02-14,ST021,MED002,SUP02,7.93,3.76,1.4,20,58,26,66,0
2026-02-14,ST021,MED003,SUP03,2.57,3.75,1.34,9,22,26,0,0
2026-02-14,ST021,MED004,SUP04,5.64,3.75,1.36,15,42,30,48,0
2026-02-14,ST021,MED005,SUP01,8.07,3.8,1.38,20,59,82,0,0
2026-02-14,ST021,MED006,SUP02,8.36,3.76,1.4,21,61,14,60,0
2026-02-14,ST021,MED007,SUP03,2.29,3.75,1.34,9,20,18,0,24
2026-02-14,ST021,MED008,SUP04,3.29,3.75,1.36,11,27,21,0,12
2026-02-14,ST021,MED009,SUP01,8.21,3.8,1.38,20,60,34,60,0
2026-02-14,ST021,MED010,SUP02,3.36,3.76,1.4,10,26,7,24,0
2026-02-14,ST021,MED011,SUP03,9.0,3.75,1.34,22,65,42,60,0
2026-02-14,ST021,MED012,SUP04,8.21,3.75,1.36,20,60,77,0,0
2026-02-14,ST021,MED013,SUP01,5.57,3.8,1.38,16,43,39,0,12
2026-02-14,ST021,MED014,SUP02,5.07,3.76,1.4,14,39,36,0,24
2026-02-14,ST021,MED015,SUP03,9.0,3.75,1.34,21,64,54,0,24
2026-02-14,ST021,MED016,SUP04,5.71,3.75,1.36,15,43,38,0,24
2026-02-14,ST021,MED017,SUP01,8.0,3.8,1.38,19,58,75,0,0
2026-02-14,ST021,MED018,SUP02,5.5,3.76,1.4,17,44,39,0,24
2026-02-14,ST021,MED019,SUP03,2.57,3.75,1.34,9,22,15,0,24
2026-02-14,ST021,MED020,SUP04,5.0,3.75,1.36,13,37,42,0,0
2026-02-14,ST021,MED021,SUP01,7.0,3.8,1.38,18,52,30,60,0
2026-02-14,ST021,MED022,SUP02,5.21,3.76,1.4,14,39,23,42,0
2026-02-14,ST021,MED023,SUP03,8.79,3.75,1.34,21,63,39,60,0
2026-02-14,ST021,MED024,SUP04,9.21,3.75,1.36,23,67,81,0,0
2026-02-14,ST021,MED025,SUP01,3.86,3.8,1.38,11,30,44,0,0
2026-02-14,ST021,MED026,SUP02,8.36,3.76,1.4,21,61,27,72,0
2026-02-14,ST021,MED027,SUP03,9.71,3.75,1.34,24,71,83,0,0
2026-02-14,ST021,MED028,SUP04,4.21,3.75,1.36,13,34,51,0,0
2026-02-14,ST021,MED029,SUP01,8.07,3.8,1.38,21,60,55,0,24
2026-02-14,ST021,MED030,SUP02,3.64,3.76,1.4,13,31,26,0,6
2026-02-14,ST022,MED001,SUP01,10.57,3.8,1.38,25,76,54,0,24
2026-02-14,ST022,MED002,SUP02,8.57,3.76,1.4,21,62,85,0,0
2026-02-14,ST022,MED003,SUP03,3.0,3.75,1.34,11,26,19,0,24
2026-02-14,ST022,MED004,SUP04,7.71,3.75,1.36,21,58,9,48,12
2026-02-14,ST022,MED005,SUP01,10.14,3.8,1.38,25,74,28,72,0
2026-02-14,ST022,MED006,SUP02,8.21,3.76,1.4,21,61,48,0,24
2026-02-14,ST022,MED007,SUP03,3.21,3.75,1.34,9,25,0,24,24
2026-02-14,ST022,MED008,SUP04,2.36,3.75,1.36,10,22,0,24,0
2026-02-14,ST022,MED009,SUP01,9.43,3.8,1.38,23,69,26,60,0
2026-02-14,ST022,MED010,SUP02,2.79,3.76,1.4,9,23,21,0,12
2026-02-14,ST022,MED011,SUP03,10.29,3.75,1.34,24,73,51,0,24
2026-02-14,ST022,MED012,SUP04,8.64,3.75,1.36,21,63,33,60,0
2026-02-14,ST022,MED013,SUP01,5.57,3.8,1.38,15,42,18,48,0
2026-02-14,ST022,MED014,SUP02,5.5,3.76,1.4,15,42,11,48,0
2026-02-14,ST022,MED015,SUP03,10.07,3.75,1.34,24,72,60,0,24
2026-02-14,ST022,MED016,SUP04,5.71,3.75,1.36,15,43,41,0,24
2026-02-14,ST022,MED017,SUP01,8.5,3.8,1.38,22,63,30,72,0
2026-02-14,ST022,MED018,SUP02,4.86,3.76,1.4,12,36,47,0,0
2026-02-14,ST022,MED019,SUP03,2.79,3.75,1.34,9,23,0,24,0
2026-02-14,ST022,MED020,SUP04,6.93,3.75,1.36,17,50,37,0,24
2026-02-14,ST022,MED021,SUP01,9.21,3.8,1.38,23,68,25,54,0
2026-02-14,ST022,MED022,SUP02,5.79,3.76,1.4,15,43,31,0,12
2026-02-14,ST022,MED023,SUP03,9.43,3.75,1.34,23,68,59,0,12
2026-02-14,ST022,MED024,SUP04,13.07,3.75,1.36,33,96,36,72,0
2026-02-14,ST022,MED025,SUP01,5.79,3.8,1.38,15,43,3,36,12
2026-02-14,ST022,MED026,SUP02,9.21,3.76,1.4,23,67,18,72,0
2026-02-14,ST022,MED027,SUP03,11.14,3.75,1.34,27,80,86,0,0
2026-02-14,ST022,MED028,SUP04,4.64,3.75,1.36,13,36,49,0,0
2026-02-14,ST022,MED029,SUP01,8.93,3.8,1.38,23,66,20,72,0
2026-02-14,ST022,MED030,SUP02,3.29,3.76,1.4,10,26,30,0,0
2026-02-14,ST023,MED001,SUP01,10.64,3.8,1.38,26,78,53,0,48
2026-02-14,ST023,MED002,SUP02,10.21,3.76,1.4,25,74,14,66,0
2026-02-14,ST023,MED003,SUP03,2.79,3.75,1.34,8,22,10,24,0
2026-02-14,ST023,MED004,SUP04,7.29,3.75,1.36,18,53,33,0,24
2026-02-14,ST023,MED005,SUP01,10.71,3.8,1.38,26,78,45,0,36
2026-02-14,ST023,MED006,SUP02,10.07,3.76,1.4,24,72,39,60,0
2026-02-14,ST023,MED007,SUP03,3.14,3.75,1.34,9,24,0,24,0
2026-02-14,ST023,MED008,SUP04,2.93,3.75,1.36,9,23,4,24,0
2026-02-14,ST023,MED009,SUP01,9.07,3.8,1.38,23,67,0,60,12
2026-02-14,ST023,MED010,SUP02,3.86,3.76,1.4,12,31,15,24,0
2026-02-14,ST023,MED011,SUP03,10.86,3.75,1.34,25,77,0,66,12
2026-02-14,ST023,MED012,SUP04,8.57,3.75,1.36,21,62,60,0,12
2026-02-14,ST023,MED013,SUP01,6.21,3.8,1.38,16,46,12,48,0
2026-02-14,ST023,MED014,SUP02,5.07,3.76,1.4,14,39,0,48,0
2026-02-14,ST023,MED015,SUP03,11.71,3.75,1.34,27,83,81,0,24
2026-02-14,ST023,MED016,SUP04,7.64,3.75,1.36,20,57,3,48,24
2026-02-14,ST023,MED017,SUP01,10.36,3.8,1.38,26,76,36,72,0
2026-02-14,ST023,MED018,SUP02,6.64,3.76,1.4,16,48,3,48,0
2026-02-14,ST023,MED019,SUP03,3.07,3.75,1.34,10,25,9,24,0
2026-02-14,ST023,MED020,SUP04,5.64,3.75,1.36,15,42,40,0,24
2026-02-14,ST023,MED021,SUP01,10.14,3.8,1.38,25,74,37,54,0
2026-02-14,ST023,MED022,SUP02,7.29,3.76,1.4,18,53,28,0,30
2026-02-14,ST023,MED023,SUP03,10.43,3.75,1.34,24,74,65,0,12
2026-02-14,ST023,MED024,SUP04,12.14,3.75,1.36,29,87,28,72,0
2026-02-14,ST023,MED025,SUP01,6.0,3.8,1.38,16,45,0,48,0
2026-02-14,ST023,MED026,SUP02,12.14,3.76,1.4,32,90,73,0,24
2026-02-14,ST023,MED027,SUP03,12.64,3.75,1.34,29,90,48,0,48
2026-02-14,ST023,MED028,SUP04,5.79,3.75,1.36,17,45,35,0,24
2026-02-14,ST023,MED029,SUP01,9.07,3.8,1.38,22,66,38,0,48
2026-02-14,ST023,MED030,SUP02,5.14,3.76,1.4,15,40,34,0,6
2026-02-14,ST024,MED001,SUP01,11.36,3.8,1.38,28,83,57,0,48
2026-02-14,ST024,MED002,SUP02,11.64,3.76,1.4,28,84,61,0,24
2026-02-14,ST024,MED003,SUP03,2.71,3.75,1.34,8,21,27,0,0
2026-02-14,ST024,MED004,SUP04,8.71,3.75,1.36,21,63,19,48,0
2026-02-14,ST024,MED005,SUP01,11.29,3.8,1.38,27,82,36,72,0
2026-02-14,ST024,MED006,SUP02,11.93,3.76,1.4,29,86,40,0,48
2026-02-14,ST024,MED007,SUP03,2.57,3.75,1.34,8,21,25,0,0
2026-02-14,ST024,MED008,SUP04,3.36,3.75,1.36,10,26,24,0,12
2026-02-14,ST024,MED009,SUP01,10.21,3.8,1.38,25,74,9,72,0
2026-02-14,ST024,MED010,SUP02,5.07,3.76,1.4,13,38,9,24,12
2026-02-14,ST024,MED011,SUP03,12.21,3.75,1.34,28,87,48,0,42
2026-02-14,ST024,MED012,SUP04,10.29,3.75,1.36,24,73,31,60,0
2026-02-14,ST024,MED013,SUP01,7.5,3.8,1.38,19,55,23,48,0
2026-02-14,ST024,MED014,SUP02,5.79,3.76,1.4,15,43,12,48,0
2026-02-14,ST024,MED015,SUP03,12.86,3.75,1.34,30,92,36,72,0
2026-02-14,ST024,MED016,SUP04,7.21,3.75,1.36,18,53,30,0,24
2026-02-14,ST024,MED017,SUP01,11.86,3.8,1.38,28,85,64,0,24
2026-02-14,ST024,MED018,SUP02,6.86,3.76,1.4,18,51,37,0,24
2026-02-14,ST024,MED019,SUP03,3.86,3.75,1.34,13,32,19,0,24
2026-02-14,ST024,MED020,SUP04,7.29,3.75,1.36,18,53,33,0,24
2026-02-14,ST024,MED021,SUP01,9.71,3.8,1.38,24,71,3,60,12
2026-02-14,ST024,MED022,SUP02,8.21,3.76,1.4,20,60,30,0,30
2026-02-14,ST024,MED023,SUP03,13.21,3.75,1.34,33,96,0,84,12
2026-02-14,ST024,MED024,SUP04,11.5,3.75,1.36,28,83,58,0,36
2026-02-14,ST024,MED025,SUP01,6.0,3.8,1.38,16,45,36,0,12
2026-02-14,ST024,MED026,SUP02,12.07,3.76,1.4,31,89,10,72,24
2026-02-14,ST024,MED027,SUP03,12.5,3.75,1.34,29,89,50,0,48
2026-02-14,ST024,MED028,SUP04,5.93,3.75,1.36,17,46,18,48,0
2026-02-14,ST024,MED029,SUP01,11.43,3.8,1.38,28,83,31,72,0
2026-02-14,ST024,MED030,SUP02,5.5,3.76,1.4,15,42,22,0,24
2026-02-14,ST025,MED001,SUP01,12.57,3.8,1.38,30,91,59,0,48
2026-02-14,ST025,MED002,SUP02,12.93,3.76,1.4,31,93,43,60,0
2026-02-14,ST025,MED003,SUP03,3.0,3.75,1.34,10,25,6,24,0
2026-02-14,ST025,MED004,SUP04,9.29,3.75,1.36,23,68,1,48,24
2026-02-14,ST025,MED005,SUP01,12.79,3.8,1.38,31,93,77,0,24
2026-02-14,ST025,MED006,SUP02,10.43,3.76,1.4,25,75,17,60,0
2026-02-14,ST025,MED007,SUP03,3.71,3.75,1.34,12,30,19,0,24
2026-02-14,ST025,MED008,SUP04,4.43,3.75,1.36,12,34,19,0,24
2026-02-14,ST025,MED009,SUP01,10.5,3.8,1.38,25,76,3,60,24
2026-02-14,ST025,MED010,SUP02,4.57,3.76,1.4,14,36,20,0,24
2026-02-14,ST025,MED011,SUP03,12.93,3.75,1.34,30,92,0,66,30
2026-02-14,ST025,MED012,SUP04,10.29,3.75,1.36,25,74,70,0,12
2026-02-14,ST025,MED013,SUP01,8.36,3.8,1.38,21,62,20,48,0
2026-02-14,ST025,MED014,SUP02,6.36,3.76,1.4,19,50,51,0,0
2026-02-14,ST025,MED015,SUP03,14.21,3.75,1.34,33,101,30,72,0
2026-02-14,ST025,MED016,SUP04,8.93,3.75,1.36,21,64,20,48,0
2026-02-14,ST025,MED017,SUP01,13.07,3.8,1.38,31,94,72,0,24
2026-02-14,ST025,MED018,SUP02,7.57,3.76,1.4,19,56,23,48,0
2026-02-14,ST025,MED019,SUP03,3.43,3.75,1.34,10,27,13,0,24
2026-02-14,ST025,MED020,SUP04,8.0,3.75,1.36,20,59,23,48,0
2026-02-14,ST025,MED021,SUP01,11.5,3.8,1.38,28,84,6,54,24
2026-02-14,ST025,MED022,SUP02,9.93,3.76,1.4,26,74,0,42,36
2026-02-14,ST025,MED023,SUP03,12.57,3.75,1.34,29,89,66,0,24
2026-02-14,ST025,MED024,SUP04,14.5,3.75,1.36,34,103,30,72,12
2026-02-14,ST025,MED025,SUP01,7.21,3.8,1.38,18,53,26,0,36
2026-02-14,ST025,MED026,SUP02,13.21,3.76,1.4,32,95,39,72,0
2026-02-14,ST025,MED027,SUP03,11.93,3.75,1.34,28,85,45,72,0
2026-02-14,ST025,MED028,SUP04,6.21,3.75,1.36,17,47,20,48,0
2026-02-14,ST025,MED029,SUP01,11.14,3.8,1.38,27,81,20,72,0
2026-02-14,ST025,MED030,SUP02,5.07,3.76,1.4,14,39,24,0,18
2026-02-14,ST026,MED001,SUP01,13.5,3.8,1.38,32,97,65,0,48
2026-02-14,ST026,MED002,SUP02,13.5,3.76,1.4,32,97,12,66,24
2026-02-14,ST026,MED003,SUP03,3.71,3.75,1.34,11,29,14,0,24
2026-02-14,ST026,MED004,SUP04,10.64,3.75,1.36,25,76,3,48,36
2026-02-14,ST026,MED005,SUP01,13.64,3.8,1.38,32,98,16,72,12
2026-02-14,ST026,MED006,SUP02,11.86,3.76,1.4,29,86,11,60,24
2026-02-14,ST026,MED007,SUP03,3.93,3.75,1.34,11,30,9,24,0
2026-02-14,ST026,MED008,SUP04,4.14,3.75,1.36,12,32,0,24,12
2026-02-14,ST026,MED009,SUP01,13.14,3.8,1.38,32,96,46,0,60
2026-02-14,ST026,MED010,SUP02,4.86,3.76,1.4,13,37,0,24,24
2026-02-14,ST026,MED011,SUP03,13.36,3.75,1.34,31,95,34,66,0
2026-02-14,ST026,MED012,SUP04,12.64,3.75,1.36,30,91,0,72,24
2026-02-14,ST026,MED013,SUP01,8.86,3.8,1.38,24,67,38,0,36
2026-02-14,ST026,MED014,SUP02,6.79,3.76,1.4,18,51,33,0,24
2026-02-14,ST026,MED015,SUP03,16.07,3.75,1.34,38,115,66,0,72
2026-02-14,ST026,MED016,SUP04,8.29,3.75,1.36,22,62,3,48,24
2026-02-14,ST026,MED017,SUP01,13.57,3.8,1.38,32,98,3,72,24
2026-02-14,ST026,MED018,SUP02,6.93,3.76,1.4,18,51,6,48,0
2026-02-14,ST026,MED019,SUP03,3.43,3.75,1.34,10,27,19,0,24
2026-02-14,ST026,MED020,SUP04,8.79,3.75,1.36,22,64,0,48,24
2026-02-14,ST026,MED021,SUP01,12.5,3.8,1.38,30,90,48,0,42
2026-02-14,ST026,MED022,SUP02,9.14,3.76,1.4,23,67,26,42,0
2026-02-14,ST026,MED023,SUP03,13.0,3.75,1.34,30,92,43,60,0
2026-02-14,ST026,MED024,SUP04,16.07,3.75,1.36,39,116,54,0,72
2026-02-14,ST026,MED025,SUP01,8.21,3.8,1.38,21,61,3,48,12
2026-02-14,ST026,MED026,SUP02,13.86,3.76,1.4,33,99,64,0,48
2026-02-14,ST026,MED027,SUP03,14.29,3.75,1.34,33,101,12,72,24
2026-02-14,ST026,MED028,SUP04,8.14,3.75,1.36,20,59,48,0,24
2026-02-14,ST026,MED029,SUP01,12.0,3.8,1.38,29,87,25,72,0
2026-02-14,ST026,MED030,SUP02,6.5,3.76,1.4,18,49,0,30,24
2026-02-14,ST027,MED001,SUP01,14.86,3.8,1.38,35,107,39,72,0
2026-02-14,ST027,MED002,SUP02,15.64,3.76,1.4,37,112,57,0,60
2026-02-14,ST027,MED003,SUP03,4.79,3.75,1.34,12,35,10,24,24
2026-02-14,ST027,MED004,SUP04,10.21,3.75,1.36,25,74,27,48,0
2026-02-14,ST027,MED005,SUP01,14.29,3.8,1.38,34,103,18,72,24
2026-02-14,ST027,MED006,SUP02,13.64,3.76,1.4,32,97,0,60,48
2026-02-14,ST027,MED007,SUP03,4.86,3.75,1.34,13,37,0,24,24
2026-02-14,ST027,MED008,SUP04,4.36,3.75,1.36,14,35,16,0,24
2026-02-14,ST027,MED009,SUP01,13.29,3.8,1.38,31,95,61,0,36
2026-02-14,ST027,MED010,SUP02,5.36,3.76,1.4,14,40,20,0,24
2026-02-14,ST027,MED011,SUP03,15.14,3.75,1.34,35,107,30,72,6
2026-02-14,ST027,MED012,SUP04,13.36,3.75,1.36,31,95,0,72,24
2026-02-14,ST027,MED013,SUP01,9.0,3.8,1.38,22,66,0,48,24
2026-02-14,ST027,MED014,SUP02,5.43,3.76,1.4,15,41,38,0,24
2026-02-14,ST027,MED015,SUP03,15.71,3.75,1.34,36,111,52,0,72
2026-02-14,ST027,MED016,SUP04,10.64,3.75,1.36,29,80,0,48,48
2026-02-14,ST027,MED017,SUP01,14.79,3.8,1.38,35,106,48,0,60
2026-02-14,ST027,MED018,SUP02,7.21,3.76,1.4,18,53,16,48,0
2026-02-14,ST027,MED019,SUP03,3.57,3.75,1.34,11,28,6,24,0
2026-02-14,ST027,MED020,SUP04,9.64,3.75,1.36,23,69,27,48,0
2026-02-14,ST027,MED021,SUP01,13.43,3.8,1.38,32,97,36,54,12
2026-02-14,ST027,MED022,SUP02,9.29,3.76,1.4,23,68,32,0,36
2026-02-14,ST027,MED023,SUP03,14.64,3.75,1.34,34,104,2,72,36
2026-02-14,ST027,MED024,SUP04,16.57,3.75,1.36,38,117,1,72,48
2026-02-14,ST027,MED025,SUP01,8.64,3.8,1.38,22,64,0,48,24
2026-02-14,ST027,MED026,SUP02,14.64,3.76,1.4,35,105,41,72,0
2026-02-14,ST027,MED027,SUP03,16.29,3.75,1.34,37,115,50,0,72
2026-02-14,ST027,MED028,SUP04,8.64,3.75,1.36,21,63,16,48,0
2026-02-14,ST027,MED029,SUP01,11.93,3.8,1.38,28,86,39,0,48
2026-02-14,ST027,MED030,SUP02,7.0,3.76,1.4,18,52,18,30,6
2026-02-14,ST028,MED001,SUP01,9.14,3.8,1.38,26,70,61,0,24
2026-02-14,ST028,MED002,SUP02,9.71,3.76,1.4,24,71,57,0,18
2026-02-14,ST028,MED003,SUP03,2.14,3.75,1.34,8,19,29,0,0
2026-02-14,ST028,MED004,SUP04,6.57,3.75,1.36,18,50,8,48,0
2026-02-14,ST028,MED005,SUP01,8.43,3.8,1.38,23,64,52,0,12
2026-02-14,ST028,MED006,SUP02,9.07,3.76,1.4,23,67,41,0,36
2026-02-14,ST028,MED007,SUP03,2.14,3.75,1.34,8,19,12,0,24
2026-02-14,ST028,MED008,SUP04,2.43,3.75,1.36,9,21,10,24,0
2026-02-14,ST028,MED009,SUP01,7.93,3.8,1.38,19,58,9,60,0
2026-02-14,ST028,MED010,SUP02,3.86,3.76,1.4,11,30,25,0,12
2026-02-14,ST028,MED011,SUP03,8.07,3.75,1.34,19,58,50,0,12
2026-02-14,ST028,MED012,SUP04,7.36,3.75,1.36,19,54,35,60,0
2026-02-14,ST028,MED013,SUP01,5.79,3.8,1.38,15,43,21,36,0
2026-02-14,ST028,MED014,SUP02,4.79,3.76,1.4,14,37,20,0,24
2026-02-14,ST028,MED015,SUP03,9.36,3.75,1.34,22,67,18,72,0
2026-02-14,ST028,MED016,SUP04,5.0,3.75,1.36,15,39,42,0,0
2026-02-14,ST028,MED017,SUP01,9.14,3.8,1.38,23,67,37,72,0
2026-02-14,ST028,MED018,SUP02,5.0,3.76,1.4,13,37,1,48,0
2026-02-14,ST028,MED019,SUP03,1.36,3.75,1.34,5,12,12,0,0
2026-02-14,ST028,MED020,SUP04,5.36,3.75,1.36,15,41,27,48,0
2026-02-14,ST028,MED021,SUP01,7.29,3.8,1.38,18,53,45,0,12
2026-02-14,ST028,MED022,SUP02,5.07,3.76,1.4,15,40,26,42,0
2026-02-14,ST028,MED023,SUP03,8.0,3.75,1.34,19,58,57,0,12
2026-02-14,ST028,MED024,SUP04,8.21,3.75,1.36,20,60,24,72,0
2026-02-14,ST028,MED025,SUP01,5.07,3.8,1.38,15,40,35,0,12
2026-02-14,ST028,MED026,SUP02,9.0,3.76,1.4,23,66,53,0,24
2026-02-14,ST028,MED027,SUP03,9.14,3.75,1.34,22,66,37,72,0
2026-02-14,ST028,MED028,SUP04,6.14,3.75,1.36,17,47,50,0,0
2026-02-14,ST028,MED029,SUP01,7.14,3.8,1.38,19,54,73,0,0
2026-02-14,ST028,MED030,SUP02,4.57,3.76,1.4,14,36,28,0,12
2026-02-14,ST029,MED001,SUP01,9.5,3.8,1.38,23,69,59,0,24
2026-02-14,ST029,MED002,SUP02,10.14,3.76,1.4,26,75,45,0,30
2026-02-14,ST029,MED003,SUP03,2.43,3.75,1.34,9,21,12,0,24
2026-02-14,ST029,MED004,SUP04,7.57,3.75,1.36,19,55,33,0,24
2026-02-14,ST029,MED005,SUP01,9.57,3.8,1.38,23,69,25,72,0
2026-02-14,ST029,MED006,SUP02,8.79,3.76,1.4,22,64,54,0,12
2026-02-14,ST029,MED007,SUP03,2.79,3.75,1.34,9,23,8,24,0
2026-02-14,ST029,MED008,SUP04,2.64,3.75,1.36,8,21,21,0,0
2026-02-14,ST029,MED009,SUP01,8.14,3.8,1.38,20,60,75,0,0
2026-02-14,ST029,MED010,SUP02,2.86,3.76,1.4,10,24,23,0,12
2026-02-14,ST029,MED011,SUP03,9.5,3.75,1.34,23,69,59,0,12
2026-02-14,ST029,MED012,SUP04,7.29,3.75,1.36,19,54,62,0,0
2026-02-14,ST029,MED013,SUP01,6.5,3.8,1.38,16,48,53,0,0
2026-02-14,ST029,MED014,SUP02,3.86,3.76,1.4,11,30,35,0,0
2026-02-14,ST029,MED015,SUP03,11.07,3.75,1.34,28,81,23,72,0
2026-02-14,ST029,MED016,SUP04,4.93,3.75,1.36,14,38,46,0,0
2026-02-14,ST029,MED017,SUP01,8.93,3.8,1.38,21,64,79,0,0
2026-02-14,ST029,MED018,SUP02,4.86,3.76,1.4,13,37,35,0,24
2026-02-14,ST029,MED019,SUP03,3.5,3.75,1.34,11,28,0,24,24
2026-02-14,ST029,MED020,SUP04,5.64,3.75,1.36,15,42,19,48,0
2026-02-14,ST029,MED021,SUP01,9.43,3.8,1.38,24,70,39,54,0
2026-02-14,ST029,MED022,SUP02,6.29,3.76,1.4,17,47,0,42,6
2026-02-14,ST029,MED023,SUP03,8.64,3.75,1.34,21,63,13,72,0
2026-02-14,ST029,MED024,SUP04,11.14,3.75,1.36,28,81,14,72,0
2026-02-14,ST029,MED025,SUP01,4.21,3.8,1.38,12,33,28,0,12
2026-02-14,ST029,MED026,SUP02,9.36,3.76,1.4,23,68,44,0,24
2026-02-14,ST029,MED027,SUP03,10.93,3.75,1.34,26,78,33,72,0
2026-02-14,ST029,MED028,SUP04,5.57,3.75,1.36,14,41,40,0,24
2026-02-14,ST029,MED029,SUP01,8.86,3.8,1.38,22,65,3,72,0
2026-02-14,ST029,MED030,SUP02,4.64,3.76,1.4,13,36,25,0,12
2026-02-14,ST030,MED001,SUP01,10.64,3.8,1.38,26,78,43,72,0
2026-02-14,ST030,MED002,SUP02,10.93,3.76,1.4,27,79,22,60,0
2026-02-14,ST030,MED003,SUP03,2.71,3.75,1.34,10,23,25,0,0
2026-02-14,ST030,MED004,SUP04,8.57,3.75,1.36,22,63,50,0,24
2026-02-14,ST030,MED005,SUP01,10.29,3.8,1.38,25,75,10,72,0
2026-02-14,ST030,MED006,SUP02,9.5,3.76,1.4,23,69,55,0,24
2026-02-14,ST030,MED007,SUP03,2.93,3.75,1.34,10,24,12,0,24
2026-02-14,ST030,MED008,SUP04,2.64,3.75,1.36,10,23,19,0,12
2026-02-14,ST030,MED009,SUP01,8.93,3.8,1.38,22,65,64,0,12
2026-02-14,ST030,MED010,SUP02,4.07,3.76,1.4,12,32,0,36,0
2026-02-14,ST030,MED011,SUP03,11.43,3.75,1.34,29,84,47,0,42
2026-02-14,ST030,MED012,SUP04,10.36,3.75,1.36,25,75,19,60,0
2026-02-14,ST030,MED013,SUP01,6.5,3.8,1.38,16,48,30,0,24
2026-02-14,ST030,MED014,SUP02,5.57,3.76,1.4,16,43,46,0,0
2026-02-14,ST030,MED015,SUP03,11.14,3.75,1.34,27,80,52,0,48
2026-02-14,ST030,MED016,SUP04,7.71,3.75,1.36,19,56,7,48,24
2026-02-14,ST030,MED017,SUP01,10.29,3.8,1.38,25,75,50,0,36
2026-02-14,ST030,MED018,SUP02,5.5,3.76,1.4,15,42,30,0,24
2026-02-14,ST030,MED019,SUP03,3.43,3.75,1.34,10,27,16,0,24
2026-02-14,ST030,MED020,SUP04,6.71,3.75,1.36,17,49,26,48,0
2026-02-14,ST030,MED021,SUP01,9.71,3.8,1.38,24,71,43,0,30
2026-02-14,ST030,MED022,SUP02,6.43,3.76,1.4,18,49,33,0,18
2026-02-14,ST030,MED023,SUP03,10.07,3.75,1.34,24,72,80,0,0
2026-02-14,ST030,MED024,SUP04,11.14,3.75,1.36,28,81,0,72,12
2026-02-14,ST030,MED025,SUP01,5.07,3.8,1.38,14,39,21,36,0
2026-02-14,ST030,MED026,SUP02,10.36,3.76,1.4,25,75,84,0,0
2026-02-14,ST030,MED027,SUP03,11.07,3.75,1.34,26,79,37,72,0
2026-02-14,ST030,MED028,SUP04,6.21,3.75,1.36,16,46,17,48,0
2026-02-14,ST030,MED029,SUP01,7.43,3.8,1.38,18,54,63,0,0
2026-02-14,ST030,MED030,SUP02,5.5,3.76,1.4,16,43,40,0,6
2026-02-14,ST031,MED001,SUP01,10.64,3.8,1.38,26,78,25,72,0
2026-02-14,ST031,MED002,SUP02,11.21,3.76,1.4,27,81,0,72,12
2026-02-14,ST031,MED003,SUP03,3.43,3.75,1.34,10,27,18,0,24
2026-02-14,ST031,MED004,SUP04,9.14,3.75,1.36,21,65,5,48,12
2026-02-14,ST031,MED005,SUP01,11.29,3.8,1.38,27,82,84,0,0
2026-02-14,ST031,MED006,SUP02,10.86,3.76,1.4,26,78,0,60,24
2026-02-14,ST031,MED007,SUP03,4.86,3.75,1.34,14,38,0,24,24
2026-02-14,ST031,MED008,SUP04,3.0,3.75,1.36,10,25,8,24,0
2026-02-14,ST031,MED009,SUP01,11.5,3.8,1.38,28,84,9,72,12
2026-02-14,ST031,MED010,SUP02,4.79,3.76,1.4,13,36,12,24,0
2026-02-14,ST031,MED011,SUP03,10.0,3.75,1.34,23,71,13,66,0
2026-02-14,ST031,MED012,SUP04,10.29,3.75,1.36,25,74,18,60,0
2026-02-14,ST031,MED013,SUP01,7.57,3.8,1.38,19,56,37,0,24
2026-02-14,ST031,MED014,SUP02,4.86,3.76,1.4,13,37,51,0,0
2026-02-14,ST031,MED015,SUP03,13.21,3.75,1.34,30,93,0,72,24
2026-02-14,ST031,MED016,SUP04,7.14,3.75,1.36,19,53,24,48,0
2026-02-14,ST031,MED017,SUP01,11.29,3.8,1.38,27,82,42,60,0
2026-02-14,ST031,MED018,SUP02,7.14,3.76,1.4,20,54,31,0,24
2026-02-14,ST031,MED019,SUP03,3.71,3.75,1.34,12,30,0,24,24
2026-02-14,ST031,MED020,SUP04,8.07,3.75,1.36,21,60,35,0,48
2026-02-14,ST031,MED021,SUP01,10.0,3.8,1.38,24,72,33,60,0
2026-02-14,ST031,MED022,SUP02,6.21,3.76,1.4,16,46,50,0,0
2026-02-14,ST031,MED023,SUP03,11.86,3.75,1.34,28,85,3,72,12
2026-02-14,ST031,MED024,SUP04,12.36,3.75,1.36,30,89,56,0,36
2026-02-14,ST031,MED025,SUP01,5.79,3.8,1.38,16,44,31,0,24
2026-02-14,ST031,MED026,SUP02,11.36,3.76,1.4,28,83,48,0,48
2026-02-14,ST031,MED027,SUP03,11.93,3.75,1.34,28,85,3,72,12
2026-02-14,ST031,MED028,SUP04,6.64,3.75,1.36,17,49,3,48,0
2026-02-14,ST031,MED029,SUP01,9.14,3.8,1.38,22,66,64,0,24
2026-02-14,ST031,MED030,SUP02,4.86,3.76,1.4,15,39,29,0,12
2026-02-14,ST032,MED001,SUP01,11.86,3.8,1.38,28,85,10,72,24
2026-02-14,ST032,MED002,SUP02,12.14,3.76,1.4,29,87,44,0,48
2026-02-14,ST032,MED003,SUP03,4.07,3.75,1.34,11,31,4,24,24
2026-02-14,ST032,MED004,SUP04,8.93,3.75,1.36,22,65,21,48,0
2026-02-14,ST032,MED005,SUP01,11.07,3.8,1.38,26,80,61,0,24
2026-02-14,ST032,MED006,SUP02,11.36,3.76,1.4,27,82,40,0,48
2026-02-14,ST032,MED007,SUP03,3.43,3.75,1.34,11,28,0,24,24
2026-02-14,ST032,MED008,SUP04,2.57,3.75,1.36,11,24,23,0,12
2026-02-14,ST032,MED009,SUP01,12.36,3.8,1.38,31,91,7,72,12
2026-02-14,ST032,MED010,SUP02,5.36,3.76,1.4,15,41,16,0,36
2026-02-14,ST032,MED011,SUP03,13.07,3.75,1.34,31,94,37,66,0
2026-02-14,ST032,MED012,SUP04,11.29,3.75,1.36,27,81,49,0,36
2026-02-14,ST032,MED013,SUP01,8.5,3.8,1.38,21,62,36,0,36
2026-02-14,ST032,MED014,SUP02,6.36,3.76,1.4,17,48,3,48,0
2026-02-14,ST032,MED015,SUP03,14.0,3.75,1.34,33,100,37,72,0
2026-02-14,ST032,MED016,SUP04,8.71,3.75,1.36,21,63,5,48,24
2026-02-14,ST032,MED017,SUP01,11.79,3.8,1.38,28,85,51,0,36
2026-02-14,ST032,MED018,SUP02,5.71,3.76,1.4,16,44,16,48,0
2026-02-14,ST032,MED019,SUP03,3.36,3.75,1.34,10,26,24,0,24
2026-02-14,ST032,MED020,SUP04,7.64,3.75,1.36,19,56,26,48,0
2026-02-14,ST032,MED021,SUP01,11.5,3.8,1.38,27,83,10,60,18
2026-02-14,ST032,MED022,SUP02,8.93,3.76,1.4,22,65,42,0,24
2026-02-14,ST032,MED023,SUP03,11.07,3.75,1.34,26,79,23,72,0
2026-02-14,ST032,MED024,SUP04,14.5,3.75,1.36,34,103,0,72,36
2026-02-14,ST032,MED025,SUP01,7.57,3.8,1.38,20,57,29,0,36
2026-02-14,ST032,MED026,SUP02,14.79,3.76,1.4,37,108,46,0,72
2026-02-14,ST032,MED027,SUP03,12.57,3.75,1.34,29,89,0,72,24
2026-02-14,ST032,MED028,SUP04,7.64,3.75,1.36,18,55,0,48,24
2026-02-14,ST032,MED029,SUP01,10.71,3.8,1.38,26,78,62,0,24
2026-02-14,ST032,MED030,SUP02,5.79,3.76,1.4,17,45,33,0,12
2026-02-14,ST033,MED001,SUP01,13.57,3.8,1.38,32,98,52,0,48
2026-02-14,ST033,MED002,SUP02,13.57,3.76,1.4,32,97,6,72,24
2026-02-14,ST033,MED003,SUP03,3.29,3.75,1.34,10,26,12,0,24
2026-02-14,ST033,MED004,SUP04,10.43,3.75,1.36,25,75,5,48,24
2026-02-14,ST033,MED005,SUP01,12.93,3.8,1.38,31,94,62,0,36
2026-02-14,ST033,MED006,SUP02,12.21,3.76,1.4,30,89,38,60,0
2026-02-14,ST033,MED007,SUP03,3.93,3.75,1.34,11,30,16,0,24
2026-02-14,ST033,MED008,SUP04,4.0,3.75,1.36,11,31,16,0,24
2026-02-14,ST033,MED009,SUP01,12.93,3.8,1.38,30,93,8,60,36
2026-02-14,ST033,MED010,SUP02,4.36,3.76,1.4,12,33,33,0,0
2026-02-14,ST033,MED011,SUP03,12.93,3.75,1.34,30,92,0,66,30
2026-02-14,ST033,MED012,SUP04,13.57,3.75,1.36,32,97,8,60,36
2026-02-14,ST033,MED013,SUP01,8.93,3.8,1.38,23,66,0,48,24
2026-02-14,ST033,MED014,SUP02,6.36,3.76,1.4,17,48,18,48,0
2026-02-14,ST033,MED015,SUP03,14.93,3.75,1.34,35,106,19,72,24
2026-02-14,ST033,MED016,SUP04,8.86,3.75,1.36,22,65,26,48,0
2026-02-14,ST033,MED017,SUP01,13.71,3.8,1.38,32,98,46,0,60
2026-02-14,ST033,MED018,SUP02,7.5,3.76,1.4,19,55,34,0,24
2026-02-14,ST033,MED019,SUP03,3.64,3.75,1.34,12,30,21,0,24
2026-02-14,ST033,MED020,SUP04,8.71,3.75,1.36,22,64,20,48,0
2026-02-14,ST033,MED021,SUP01,13.0,3.8,1.38,33,96,35,60,6
2026-02-14,ST033,MED022,SUP02,8.64,3.76,1.4,22,64,29,0,36
2026-02-14,ST033,MED023,SUP03,13.79,3.75,1.34,32,98,0,72,36
2026-02-14,ST033,MED024,SUP04,15.29,3.75,1.36,35,108,58,0,60
2026-02-14,ST033,MED025,SUP01,6.36,3.8,1.38,17,48,21,36,0
2026-02-14,ST033,MED026,SUP02,13.36,3.76,1.4,32,96,64,0,48
2026-02-14,ST033,MED027,SUP03,14.0,3.75,1.34,33,100,57,0,48
2026-02-14,ST033,MED028,SUP04,8.14,3.75,1.36,20,59,16,48,0
2026-02-14,ST033,MED029,SUP01,11.86,3.8,1.38,30,87,59,0,48
2026-02-14,ST033,MED030,SUP02,5.57,3.76,1.4,14,41,20,0,24
2026-02-14,ST034,MED001,SUP01,14.71,3.8,1.38,36,107,30,72,24
2026-02-14,ST034,MED002,SUP02,14.86,3.76,1.4,36,107,54,0,54
2026-02-14,ST034,MED003,SUP03,4.5,3.75,1.34,11,33,13,0,24
2026-02-14,ST034,MED004,SUP04,11.14,3.75,1.36,27,80,38,0,48
2026-02-14,ST034,MED005,SUP01,14.0,3.8,1.38,33,101,0,72,36
2026-02-14,ST034,MED006,SUP02,14.36,3.76,1.4,34,103,32,60,12
2026-02-14,ST034,MED007,SUP03,4.36,3.75,1.34,12,33,5,24,24
2026-02-14,ST034,MED008,SUP04,3.64,3.75,1.36,10,28,15,0,24
2026-02-14,ST034,MED009,SUP01,14.07,3.8,1.38,33,101,49,0,60
2026-02-14,ST034,MED010,SUP02,5.21,3.76,1.4,14,39,5,36,0
2026-02-14,ST034,MED011,SUP03,14.86,3.75,1.34,34,105,58,0,48
2026-02-14,ST034,MED012,SUP04,13.64,3.75,1.36,32,97,13,72,12
2026-02-14,ST034,MED013,SUP01,8.86,3.8,1.38,22,65,5,48,12
2026-02-14,ST034,MED014,SUP02,7.36,3.76,1.4,18,54,7,48,0
2026-02-14,ST034,MED015,SUP03,16.07,3.75,1.34,36,113,96,0,24
2026-02-14,ST034,MED016,SUP04,7.93,3.75,1.36,20,58,9,48,24
2026-02-14,ST034,MED017,SUP01,16.0,3.8,1.38,39,116,0,60,60
2026-02-14,ST034,MED018,SUP02,8.0,3.76,1.4,21,60,45,0,24
2026-02-14,ST034,MED019,SUP03,3.93,3.75,1.34,12,31,9,24,0
2026-02-14,ST034,MED020,SUP04,8.86,3.75,1.36,21,64,46,0,24
2026-02-14,ST034,MED021,SUP01,12.93,3.8,1.38,31,94,34,60,0
2026-02-14,ST034,MED022,SUP02,8.86,3.76,1.4,21,64,1,48,18
2026-02-14,ST034,MED023,SUP03,16.71,3.75,1.34,39,119,32,72,24
2026-02-14,ST034,MED024,SUP04,15.14,3.75,1.36,35,107,3,72,36
2026-02-14,ST034,MED025,SUP01,9.5,3.8,1.38,24,70,0,36,36
2026-02-14,ST034,MED026,SUP02,14.5,3.76,1.4,35,104,8,72,24
2026-02-14,ST034,MED027,SUP03,16.0,3.75,1.34,36,113,82,0,36
2026-02-14,ST034,MED028,SUP04,9.0,3.75,1.36,22,65,18,48,0
2026-02-14,ST034,MED029,SUP01,11.71,3.8,1.38,28,85,35,48,24
2026-02-14,ST034,MED030,SUP02,7.0,3.76,1.4,18,52,9,30,18
2026-02-14,ST035,MED001,SUP01,10.14,3.8,1.38,26,75,74,0,24
2026-02-14,ST035,MED002,SUP02,8.14,3.76,1.4,20,59,36,66,0
2026-02-14,ST035,MED003,SUP03,2.36,3.75,1.34,9,21,3,24,0
2026-02-14,ST035,MED004,SUP04,6.5,3.75,1.36,16,47,7,48,0
2026-02-14,ST035,MED005,SUP01,8.5,3.8,1.38,21,62,50,0,12
2026-02-14,ST035,MED006,SUP02,8.64,3.76,1.4,22,64,34,60,0
2026-02-14,ST035,MED007,SUP03,2.43,3.75,1.34,8,20,11,24,0
2026-02-14,ST035,MED008,SUP04,1.71,3.75,1.36,8,17,10,24,0
2026-02-14,ST035,MED009,SUP01,8.0,3.8,1.38,20,59,52,0,12
2026-02-14,ST035,MED010,SUP02,2.86,3.76,1.4,9,23,18,0,12
2026-02-14,ST035,MED011,SUP03,8.86,3.75,1.34,23,66,20,60,0
2026-02-14,ST035,MED012,SUP04,8.64,3.75,1.36,21,63,60,0,12
2026-02-14,ST035,MED013,SUP01,5.0,3.8,1.38,14,38,56,0,0
2026-02-14,ST035,MED014,SUP02,4.29,3.76,1.4,14,35,0,48,0
2026-02-14,ST035,MED015,SUP03,9.29,3.75,1.34,22,67,70,0,0
2026-02-14,ST035,MED016,SUP04,6.14,3.75,1.36,17,47,40,0,24
2026-02-14,ST035,MED017,SUP01,8.64,3.8,1.38,21,63,48,0,24
2026-02-14,ST035,MED018,SUP02,3.0,3.76,1.4,9,24,36,0,0
2026-02-14,ST035,MED019,SUP03,2.21,3.75,1.34,8,19,2,24,0
2026-02-14,ST035,MED020,SUP04,7.29,3.75,1.36,18,53,63,0,0
2026-02-14,ST035,MED021,SUP01,8.36,3.8,1.38,20,61,36,54,0
2026-02-14,ST035,MED022,SUP02,5.21,3.76,1.4,14,39,54,0,0
2026-02-14,ST035,MED023,SUP03,9.57,3.75,1.34,23,69,17,72,0
2026-02-14,ST035,MED024,SUP04,10.0,3.75,1.36,25,73,53,0,24
2026-02-14,ST035,MED025,SUP01,4.14,3.8,1.38,12,32,19,36,0
2026-02-14,ST035,MED026,SUP02,8.5,3.76,1.4,21,62,46,0,24
2026-02-14,ST035,MED027,SUP03,8.5,3.75,1.34,20,61,89,0,0
2026-02-14,ST035,MED028,SUP04,4.0,3.75,1.36,11,31,19,48,0
2026-02-14,ST035,MED029,SUP01,7.07,3.8,1.38,19,53,61,0,0
2026-02-14,ST035,MED030,SUP02,3.29,3.76,1.4,11,27,29,0,0
2026-02-14,ST036,MED001,SUP01,11.14,3.8,1.38,27,81,27,72,0
2026-02-14,ST036,MED002,SUP02,9.79,3.76,1.4,24,71,47,0,24
2026-02-14,ST036,MED003,SUP03,2.14,3.75,1.34,8,19,18,0,24
2026-02-14,ST036,MED004,SUP04,8.14,3.75,1.36,20,59,11,48,0
2026-02-14,ST036,MED005,SUP01,8.93,3.8,1.38,22,65,35,72,0
2026-02-14,ST036,MED006,SUP02,8.79,3.76,1.4,22,64,10,60,0
2026-02-14,ST036,MED007,SUP03,2.71,3.75,1.34,8,21,1,24,0
2026-02-14,ST036,MED008,SUP04,2.71,3.75,1.36,10,23,12,0,12
2026-02-14,ST036,MED009,SUP01,8.43,3.8,1.38,21,62,50,0,12
2026-02-14,ST036,MED010,SUP02,4.0,3.76,1.4,12,32,0,24,12
2026-02-14,ST036,MED011,SUP03,9.43,3.75,1.34,22,67,54,0,18
2026-02-14,ST036,MED012,SUP04,8.5,3.75,1.36,21,62,70,0,0
2026-02-14,ST036,MED013,SUP01,5.36,3.8,1.38,15,41,42,0,0
2026-02-14,ST036,MED014,SUP02,5.57,3.76,1.4,15,42,13,48,0
2026-02-14,ST036,MED015,SUP03,10.36,3.75,1.34,26,76,59,0,24
2026-02-14,ST036,MED016,SUP04,6.29,3.75,1.36,17,47,53,0,0
2026-02-14,ST036,MED017,SUP01,10.64,3.8,1.38,26,78,34,60,0
2026-02-14,ST036,MED018,SUP02,5.79,3.76,1.4,16,44,34,0,24
2026-02-14,ST036,MED019,SUP03,3.0,3.75,1.34,9,24,7,24,0
2026-02-14,ST036,MED020,SUP04,6.36,3.75,1.36,16,47,41,0,24
2026-02-14,ST036,MED021,SUP01,9.21,3.8,1.38,22,67,24,54,0
2026-02-14,ST036,MED022,SUP02,6.0,3.76,1.4,16,45,31,0,18
2026-02-14,ST036,MED023,SUP03,9.64,3.75,1.34,23,69,30,72,0
2026-02-14,ST036,MED024,SUP04,10.64,3.75,1.36,25,76,90,0,0
2026-02-14,ST036,MED025,SUP01,4.86,3.8,1.38,13,37,10,36,0
2026-02-14,ST036,MED026,SUP02,8.93,3.76,1.4,22,65,1,72,0
2026-02-14,ST036,MED027,SUP03,10.14,3.75,1.34,24,73,44,72,0
2026-02-14,ST036,MED028,SUP04,5.36,3.75,1.36,15,41,19,48,0
2026-02-14,ST036,MED029,SUP01,7.07,3.8,1.38,19,53,11,72,0
2026-02-14,ST036,MED030,SUP02,5.14,3.76,1.4,14,39,14,36,0
2026-02-14,ST037,MED001,SUP01,11.0,3.8,1.38,26,79,13,72,0
2026-02-14,ST037,MED002,SUP02,10.43,3.76,1.4,25,75,54,0,24
2026-02-14,ST037,MED003,SUP03,3.43,3.75,1.34,11,28,0,24,24
2026-02-14,ST037,MED004,SUP04,7.64,3.75,1.36,19,56,26,48,0
2026-02-14,ST037,MED005,SUP01,11.07,3.8,1.38,27,81,21,72,0
2026-02-14,ST037,MED006,SUP02,10.07,3.76,1.4,25,73,19,60,0
2026-02-14,ST037,MED007,SUP03,3.0,3.75,1.34,9,24,16,0,24
2026-02-14,ST037,MED008,SUP04,2.86,3.75,1.36,9,23,5,24,0
2026-02-14,ST037,MED009,SUP01,10.43,3.8,1.38,25,76,31,60,0
2026-02-14,ST037,MED010,SUP02,3.64,3.76,1.4,11,29,15,24,0
2026-02-14,ST037,MED011,SUP03,11.07,3.75,1.34,26,79,47,0,36
2026-02-14,ST037,MED012,SUP04,10.0,3.75,1.36,24,72,46,0,36
2026-02-14,ST037,MED013,SUP01,6.21,3.8,1.38,17,47,29,0,24
2026-02-14,ST037,MED014,SUP02,5.14,3.76,1.4,14,39,55,0,0
2026-02-14,ST037,MED015,SUP03,11.43,3.75,1.34,28,83,66,0,24
2026-02-14,ST037,MED016,SUP04,7.0,3.75,1.36,17,51,19,48,0
2026-02-14,ST037,MED017,SUP01,10.29,3.8,1.38,25,75,67,0,12
2026-02-14,ST037,MED018,SUP02,6.14,3.76,1.4,15,45,10,48,0
2026-02-14,ST037,MED019,SUP03,4.0,3.75,1.34,12,32,22,0,24
2026-02-14,ST037,MED020,SUP04,7.07,3.75,1.36,18,52,12,48,0
2026-02-14,ST037,MED021,SUP01,10.0,3.8,1.38,24,72,0,66,6
2026-02-14,ST037,MED022,SUP02,6.5,3.76,1.4,17,48,35,0,18
2026-02-14,ST037,MED023,SUP03,10.5,3.75,1.34,25,75,61,0,24
2026-02-14,ST037,MED024,SUP04,12.14,3.75,1.36,28,86,12,72,12
2026-02-14,ST037,MED025,SUP01,6.07,3.8,1.38,15,45,32,0,24
2026-02-14,ST037,MED026,SUP02,11.0,3.76,1.4,29,82,31,72,0
2026-02-14,ST037,MED027,SUP03,13.07,3.75,1.34,31,94,59,0,36
2026-02-14,ST037,MED028,SUP04,5.86,3.75,1.36,15,43,53,0,0
2026-02-14,ST037,MED029,SUP01,8.71,3.8,1.38,21,63,62,0,24
2026-02-14,ST037,MED030,SUP02,4.79,3.76,1.4,13,36,12,30,0
2026-02-14,ST038,MED001,SUP01,11.86,3.8,1.38,30,87,0,72,24
2026-02-14,ST038,MED002,SUP02,10.86,3.76,1.4,26,78,21,66,0
2026-02-14,ST038,MED003,SUP03,3.29,3.75,1.34,10,26,13,0,24
2026-02-14,ST038,MED004,SUP04,8.93,3.75,1.36,21,64,0,48,24
2026-02-14,ST038,MED005,SUP01,13.14,3.8,1.38,33,97,35,72,0
2026-02-14,ST038,MED006,SUP02,11.07,3.76,1.4,28,81,11,60,12
2026-02-14,ST038,MED007,SUP03,3.43,3.75,1.34,10,27,9,24,0
2026-02-14,ST038,MED008,SUP04,3.0,3.75,1.36,10,25,29,0,0
2026-02-14,ST038,MED009,SUP01,11.5,3.8,1.38,29,85,55,0,36
2026-02-14,ST038,MED010,SUP02,4.71,3.76,1.4,13,36,21,0,24
2026-02-14,ST038,MED011,SUP03,11.64,3.75,1.34,27,83,34,66,0
2026-02-14,ST038,MED012,SUP04,11.29,3.75,1.36,27,81,0,60,24
2026-02-14,ST038,MED013,SUP01,7.14,3.8,1.38,18,53,19,48,0
2026-02-14,ST038,MED014,SUP02,5.43,3.76,1.4,15,41,18,48,0
2026-02-14,ST038,MED015,SUP03,13.86,3.75,1.34,33,99,0,72,48
2026-02-14,ST038,MED016,SUP04,6.71,3.75,1.36,17,49,10,48,0
2026-02-14,ST038,MED017,SUP01,11.0,3.8,1.38,26,79,64,0,24
2026-02-14,ST038,MED018,SUP02,6.64,3.76,1.4,18,50,36,0,24
2026-02-14,ST038,MED019,SUP03,3.29,3.75,1.34,10,26,17,0,24
2026-02-14,ST038,MED020,SUP04,7.36,3.75,1.36,18,53,0,48,24
2026-02-14,ST038,MED021,SUP01,10.0,3.8,1.38,25,73,36,54,0
2026-02-14,ST038,MED022,SUP02,7.5,3.76,1.4,19,55,37,0,18
2026-02-14,ST038,MED023,SUP03,11.64,3.75,1.34,27,83,37,72,0
2026-02-14,ST038,MED024,SUP04,12.43,3.75,1.36,29,89,34,72,0
2026-02-14,ST038,MED025,SUP01,7.64,3.8,1.38,19,56,32,0,24
2026-02-14,ST038,MED026,SUP02,11.79,3.76,1.4,28,85,27,72,0
2026-02-14,ST038,MED027,SUP03,12.79,3.75,1.34,30,91,50,0,48
2026-02-14,ST038,MED028,SUP04,5.21,3.75,1.36,14,39,31,0,24
2026-02-14,ST038,MED029,SUP01,10.0,3.8,1.38,26,74,0,72,24
2026-02-14,ST038,MED030,SUP02,4.64,3.76,1.4,12,35,4,30,6
2026-02-14,ST039,MED001,SUP01,13.14,3.8,1.38,31,95,57,0,48
2026-02-14,ST039,MED002,SUP02,12.57,3.76,1.4,30,90,71,0,24
2026-02-14,ST039,MED003,SUP03,4.0,3.75,1.34,12,32,12,0,24
2026-02-14,ST039,MED004,SUP04,10.21,3.75,1.36,25,74,0,48,36
2026-02-14,ST039,MED005,SUP01,12.64,3.8,1.38,31,92,43,60,0
2026-02-14,ST039,MED006,SUP02,13.07,3.76,1.4,32,95,0,60,36
2026-02-14,ST039,MED007,SUP03,4.36,3.75,1.34,13,34,0,24,24
2026-02-14,ST039,MED008,SUP04,4.07,3.75,1.36,10,30,3,24,12
2026-02-14,ST039,MED009,SUP01,11.71,3.8,1.38,28,85,29,60,0
2026-02-14,ST039,MED010,SUP02,5.36,3.76,1.4,16,42,19,0,24
2026-02-14,ST039,MED011,SUP03,12.29,3.75,1.34,29,88,69,0,24
2026-02-14,ST039,MED012,SUP04,12.0,3.75,1.36,29,87,0,72,24
2026-02-14,ST039,MED013,SUP01,8.36,3.8,1.38,21,62,27,36,0
2026-02-14,ST039,MED014,SUP02,6.93,3.76,1.4,18,51,24,0,48
2026-02-14,ST039,MED015,SUP03,13.79,3.75,1.34,32,98,29,72,0
2026-02-14,ST039,MED016,SUP04,8.0,3.75,1.36,19,58,41,0,24
2026-02-14,ST039,MED017,SUP01,12.86,3.8,1.38,31,93,40,60,0
2026-02-14,ST039,MED018,SUP02,7.57,3.76,1.4,19,56,21,48,0
2026-02-14,ST039,MED019,SUP03,3.36,3.75,1.34,10,26,22,0,24
2026-02-14,ST039,MED020,SUP04,7.79,3.75,1.36,19,56,38,0,24
2026-02-14,ST039,MED021,SUP01,11.79,3.8,1.38,29,86,0,60,30
2026-02-14,ST039,MED022,SUP02,7.21,3.76,1.4,18,53,50,0,6
2026-02-14,ST039,MED023,SUP03,12.57,3.75,1.34,30,90,58,0,36
2026-02-14,ST039,MED024,SUP04,14.07,3.75,1.36,33,100,69,0,36
2026-02-14,ST039,MED025,SUP01,7.14,3.8,1.38,18,53,25,0,36
2026-02-14,ST039,MED026,SUP02,12.36,3.76,1.4,30,89,81,0,24
2026-02-14,ST039,MED027,SUP03,14.64,3.75,1.34,34,104,8,72,24
2026-02-14,ST039,MED028,SUP04,6.64,3.75,1.36,17,49,0,48,24
2026-02-14,ST039,MED029,SUP01,10.29,3.8,1.38,26,76,32,72,0
2026-02-14,ST039,MED030,SUP02,5.93,3.76,1.4,16,45,12,30,6
2026-02-14,ST040,MED001,SUP01,13.71,3.8,1.38,33,99,0,72,48
2026-02-14,ST040,MED002,SUP02,13.0,3.76,1.4,31,93,17,66,12
2026-02-14,ST040,MED003,SUP03,3.43,3.75,1.34,9,26,15,0,24
2026-02-14,ST040,MED004,SUP04,10.29,3.75,1.36,26,75,26,48,12
2026-02-14,ST040,MED005,SUP01,14.29,3.8,1.38,34,103,4,72,36
2026-02-14,ST040,MED006,SUP02,12.0,3.76,1.4,29,87,27,60,0
2026-02-14,ST040,MED007,SUP03,3.86,3.75,1.34,12,31,18,0,24
2026-02-14,ST040,MED008,SUP04,3.36,3.75,1.36,10,26,0,24,12
2026-02-14,ST040,MED009,SUP01,12.93,3.8,1.38,31,94,45,0,60
2026-02-14,ST040,MED010,SUP02,5.29,3.76,1.4,15,41,34,0,12
2026-02-14,ST040,MED011,SUP03,13.36,3.75,1.34,31,95,65,0,30
2026-02-14,ST040,MED012,SUP04,12.57,3.75,1.36,31,91,50,0,48
2026-02-14,ST040,MED013,SUP01,8.64,3.8,1.38,21,63,11,48,12
2026-02-14,ST040,MED014,SUP02,7.93,3.76,1.4,21,59,42,0,24
2026-02-14,ST040,MED015,SUP03,16.71,3.75,1.34,42,122,0,72,72
2026-02-14,ST040,MED016,SUP04,8.57,3.75,1.36,20,61,0,48,24
2026-02-14,ST040,MED017,SUP01,13.0,3.8,1.38,31,94,0,72,24
2026-02-14,ST040,MED018,SUP02,7.07,3.76,1.4,18,52,44,0,24
2026-02-14,ST040,MED019,SUP03,3.79,3.75,1.34,11,29,5,24,0
2026-02-14,ST040,MED020,SUP04,8.14,3.75,1.36,21,60,0,48,24
2026-02-14,ST040,MED021,SUP01,12.21,3.8,1.38,29,88,37,54,0
2026-02-14,ST040,MED022,SUP02,7.36,3.76,1.4,18,54,20,48,0
2026-02-14,ST040,MED023,SUP03,13.36,3.75,1.34,31,95,71,0,24
2026-02-14,ST040,MED024,SUP04,15.64,3.75,1.36,36,111,66,0,48
2026-02-14,ST040,MED025,SUP01,7.93,3.8,1.38,20,59,32,0,36
2026-02-14,ST040,MED026,SUP02,13.21,3.76,1.4,32,95,45,0,72
2026-02-14,ST040,MED027,SUP03,15.0,3.75,1.34,34,106,38,72,0
2026-02-14,ST040,MED028,SUP04,7.36,3.75,1.36,18,53,20,48,0
2026-02-14,ST040,MED029,SUP01,11.57,3.8,1.38,28,84,60,0,24
2026-02-14,ST040,MED030,SUP02,6.29,3.76,1.4,16,46,1,30,18
