decision_date,store_id,sku,supplier_id,order_units,estimated_purchase_cost_usd,past_unmet_units,past_stockout_days,priority_score
2026-02-14,ST013,MED022,SUP02,6,35.4,192,20,5.423729
2026-02-14,ST027,MED011,SUP03,6,50.16,109,9,2.173046
2026-02-14,ST006,MED009,SUP01,12,57.84,112,10,1.936376
2026-02-14,ST002,MED022,SUP02,6,35.4,65,8,1.836158
2026-02-14,ST005,MED002,SUP02,6,97.5,162,12,1.661538
2026-02-14,ST031,MED009,SUP01,12,57.84,90,8,1.556017
2026-02-14,ST039,MED022,SUP02,6,35.4,50,6,1.412429
2026-02-14,ST006,MED030,SUP02,6,64.8,89,14,1.373457
2026-02-14,ST015,MED022,SUP02,6,35.4,43,7,1.214689
2026-02-14,ST034,MED001,SUP01,24,79.68,87,8,1.091867
2026-02-14,ST011,MED009,SUP01,12,57.84,63,8,1.089212
2026-02-14,ST020,MED001,SUP01,24,79.68,84,8,1.054217
2026-02-14,ST034,MED022,SUP02,18,106.2,107,13,1.007533
2026-02-14,ST027,MED021,SUP01,12,140.52,138,14,0.982067
2026-02-14,ST004,MED021,SUP01,6,70.26,69,8,0.982067
2026-02-14,ST005,MED011,SUP03,12,100.32,98,10,0.976874
2026-02-14,ST033,MED021,SUP01,6,70.26,67,8,0.953601
2026-02-14,ST040,MED002,SUP02,12,195.0,182,13,0.933333
2026-02-14,ST012,MED017,SUP01,12,241.8,222,17,0.918114
2026-02-14,ST038,MED022,SUP02,18,106.2,95,14,0.894539
2026-02-14,ST039,MED001,SUP01,48,159.36,135,13,0.847139
2026-02-14,ST013,MED028,SUP04,24,82.32,65,10,0.789602
2026-02-14,ST020,MED023,SUP03,12,138.84,108,9,0.777874
2026-02-14,ST027,MED030,SUP02,6,64.8,46,9,0.709877
2026-02-14,ST019,MED022,SUP02,18,106.2,75,9,0.706215
2026-02-14,ST017,MED022,SUP02,12,70.8,50,6,0.706215
2026-02-14,ST038,MED001,SUP01,24,79.68,56,5,0.702811
2026-02-14,ST005,MED030,SUP02,6,64.8,45,10,0.694444
2026-02-14,ST012,MED009,SUP01,48,231.36,158,13,0.682918
2026-02-14,ST006,MED022,SUP02,30,177.0,120,14,0.677966
2026-02-14,ST025,MED009,SUP01,24,115.68,78,9,0.674274
2026-02-14,ST019,MED012,SUP04,12,186.72,123,10,0.65874
2026-02-14,ST033,MED001,SUP01,48,159.36,102,10,0.64006
2026-02-14,ST030,MED030,SUP02,6,64.8,40,6,0.617284
2026-02-14,ST039,MED030,SUP02,6,64.8,40,9,0.617284
2026-02-14,ST037,MED022,SUP02,18,106.2,65,10,0.612053
2026-02-14,ST020,MED030,SUP02,6,64.8,38,6,0.58642
2026-02-14,ST024,MED021,SUP01,12,140.52,82,10,0.583547
2026-02-14,ST013,MED001,SUP01,24,79.68,46,5,0.577309
2026-02-14,ST012,MED024,SUP04,12,195.24,107,8,0.548043
2026-02-14,ST007,MED022,SUP02,6,35.4,19,3,0.536723
2026-02-14,ST027,MED012,SUP04,24,373.44,198,16,0.530206
2026-02-14,ST005,MED017,SUP01,12,241.8,126,9,0.521092
2026-02-14,ST026,MED017,SUP01,24,483.6,251,20,0.519024
2026-02-14,ST025,MED012,SUP04,12,186.72,95,9,0.508783
2026-02-14,ST013,MED009,SUP01,36,173.52,85,9,0.489857
2026-02-14,ST020,MED028,SUP04,24,82.32,40,6,0.485909
2026-02-14,ST040,MED014,SUP02,24,91.44,44,7,0.48119
2026-02-14,ST018,MED017,SUP01,12,241.8,116,9,0.479735
2026-02-14,ST013,MED021,SUP01,12,140.52,67,8,0.4768
2026-02-14,ST012,MED013,SUP01,12,145.08,69,10,0.4756
2026-02-14,ST023,MED011,SUP03,12,100.32,47,6,0.468501
2026-02-14,ST013,MED025,SUP01,12,158.28,73,12,0.461208
2026-02-14,ST011,MED023,SUP03,12,138.84,63,8,0.45376
2026-02-14,ST022,MED022,SUP02,12,70.8,32,6,0.451977
2026-02-14,ST034,MED012,SUP04,12,186.72,84,7,0.449871
2026-02-14,ST002,MED002,SUP02,6,97.5,43,6,0.441026
2026-02-14,ST032,MED022,SUP02,24,141.6,62,7,0.437853
2026-02-14,ST016,MED022,SUP02,12,70.8,31,4,0.437853
2026-02-14,ST009,MED011,SUP03,18,150.48,65,9,0.431951
2026-02-14,ST018,MED008,SUP04,12,102.48,44,10,0.429352
2026-02-14,ST031,MED030,SUP02,12,129.6,53,12,0.408951
2026-02-14,ST004,MED009,SUP01,60,289.2,118,12,0.408022
2026-02-14,ST034,MED013,SUP01,12,145.08,59,8,0.406672
2026-02-14,ST039,MED002,SUP02,24,390.0,157,14,0.402564
2026-02-14,ST015,MED002,SUP02,6,97.5,39,5,0.4
