decision_date,earliest_arrival_date,region,sku,from_store,to_store,transfer_units,unit_cost_usd,status
2026-02-14,2026-02-15,Arlington,MED001,ST028,ST040,6,3.32,PROPOSED
2026-02-14,2026-02-15,Arlington,MED001,ST008,ST040,3,3.32,PROPOSED
2026-02-14,2026-02-15,Arlington,MED003,ST028,ST020,10,14.94,PROPOSED
2026-02-14,2026-02-15,Arlington,MED003,ST024,ST032,8,14.94,PROPOSED
2026-02-14,2026-02-15,Arlington,MED005,ST028,ST040,1,19.02,PROPOSED
2026-02-14,2026-02-15,Arlington,MED007,ST024,ST020,10,14.35,PROPOSED
2026-02-14,2026-02-15,Arlington,MED007,ST016,ST020,2,14.35,PROPOSED
2026-02-14,2026-02-15,Arlington,MED007,ST016,ST032,5,14.35,PROPOSED
2026-02-14,2026-02-15,Arlington,MED007,ST008,ST032,5,14.35,PROPOSED
2026-02-14,2026-02-15,Arlington,MED007,ST008,ST036,1,14.35,PROPOSED
2026-02-14,2026-02-15,Arlington,MED008,ST032,ST040,8,8.54,PROPOSED
2026-02-14,2026-02-15,Arlington,MED008,ST024,ST040,2,8.54,PROPOSED
2026-02-14,2026-02-15,Arlington,MED008,ST024,ST008,2,8.54,PROPOSED
2026-02-14,2026-02-15,Arlington,MED010,ST028,ST036,2,21.76,PROPOSED
2026-02-14,2026-02-15,Arlington,MED010,ST040,ST036,2,21.76,PROPOSED
2026-02-14,2026-02-15,Arlington,MED011,ST028,ST020,2,8.36,PROPOSED
2026-02-14,2026-02-15,Arlington,MED012,ST036,ST004,19,15.56,PROPOSED
2026-02-14,2026-02-15,Arlington,MED013,ST036,ST016,10,12.09,PROPOSED
2026-02-14,2026-02-15,Arlington,MED014,ST004,ST032,3,3.81,PROPOSED
2026-02-14,2026-02-15,Arlington,MED016,ST036,ST008,15,11.66,PROPOSED
2026-02-14,2026-02-15,Arlington,MED016,ST028,ST008,6,11.66,PROPOSED
2026-02-14,2026-02-15,Arlington,MED016,ST016,ST020,16,11.66,PROPOSED
2026-02-14,2026-02-15,Arlington,MED016,ST028,ST020,6,11.66,PROPOSED
2026-02-14,2026-02-15,Arlington,MED018,ST016,ST020,2,15.10,PROPOSED
2026-02-14,2026-02-15,Arlington,MED018,ST040,ST020,2,15.10,PROPOSED
2026-02-14,2026-02-15,Arlington,MED019,ST028,ST016,4,20.75,PROPOSED
2026-02-14,2026-02-15,Arlington,MED019,ST032,ST016,4,20.75,PROPOSED
2026-02-14,2026-02-15,Arlington,MED020,ST036,ST004,3,13.23,PROPOSED
2026-02-14,2026-02-15,Arlington,MED020,ST008,ST004,1,13.23,PROPOSED
2026-02-14,2026-02-15,Arlington,MED021,ST028,ST024,1,11.71,PROPOSED
2026-02-14,2026-02-15,Arlington,MED022,ST008,ST016,6,5.90,PROPOSED
2026-02-14,2026-02-15,Arlington,MED023,ST028,ST024,9,11.57,PROPOSED
2026-02-14,2026-02-15,Arlington,MED024,ST036,ST020,26,16.27,PROPOSED
2026-02-14,2026-02-15,Arlington,MED025,ST028,ST020,5,13.19,PROPOSED
2026-02-14,2026-02-15,Arlington,MED026,ST004,ST036,2,10.84,PROPOSED
2026-02-14,2026-02-15,Arlington,MED028,ST008,ST032,16,3.43,PROPOSED
2026-02-14,2026-02-15,Arlington,MED028,ST028,ST032,7,3.43,PROPOSED
2026-02-14,2026-02-15,Arlington,MED028,ST012,ST016,8,3.43,PROPOSED
2026-02-14,2026-02-15,Arlington,MED028,ST028,ST016,6,3.43,PROPOSED
2026-02-14,2026-02-15,Arlington,MED029,ST028,ST020,30,13.24,PROPOSED
2026-02-14,2026-02-15,Arlington,MED030,ST008,ST040,3,10.80,PROPOSED
2026-02-14,2026-02-15,Arlington,MED030,ST028,ST040,1,10.80,PROPOSED
2026-02-14,2026-02-15,Dallas,MED001,ST001,ST009,11,3.32,PROPOSED
2026-02-14,2026-02-15,Dallas,MED001,ST029,ST009,2,3.32,PROPOSED
2026-02-14,2026-02-15,Dallas,MED002,ST001,ST013,19,16.25,PROPOSED
2026-02-14,2026-02-15,Dallas,MED003,ST021,ST037,10,14.94,PROPOSED
2026-02-14,2026-02-15,Dallas,MED004,ST001,ST005,10,20.79,PROPOSED
2026-02-14,2026-02-15,Dallas,MED005,ST021,ST001,14,19.02,PROPOSED
2026-02-14,2026-02-15,Dallas,MED005,ST021,ST013,18,19.02,PROPOSED
2026-02-14,2026-02-15,Dallas,MED005,ST021,ST037,2,19.02,PROPOSED
2026-02-14,2026-02-15,Dallas,MED006,ST029,ST013,1,22.57,PROPOSED
2026-02-14,2026-02-15,Dallas,MED007,ST001,ST009,4,14.35,PROPOSED
2026-02-14,2026-02-15,Dallas,MED008,ST009,ST017,9,8.54,PROPOSED
2026-02-14,2026-02-15,Dallas,MED008,ST029,ST017,4,8.54,PROPOSED
2026-02-14,2026-02-15,Dallas,MED008,ST029,ST013,1,8.54,PROPOSED
2026-02-14,2026-02-15,Dallas,MED008,ST021,ST013,1,8.54,PROPOSED
2026-02-14,2026-02-15,Dallas,MED009,ST029,ST025,26,4.82,PROPOSED
2026-02-14,2026-02-15,Dallas,MED011,ST029,ST009,2,8.36,PROPOSED
2026-02-14,2026-02-15,Dallas,MED012,ST021,ST033,28,15.56,PROPOSED
2026-02-14,2026-02-15,Dallas,MED012,ST029,ST033,5,15.56,PROPOSED
2026-02-14,2026-02-15,Dallas,MED013,ST029,ST013,14,12.09,PROPOSED
2026-02-14,2026-02-15,Dallas,MED013,ST021,ST013,6,12.09,PROPOSED
2026-02-14,2026-02-15,Dallas,MED013,ST017,ST013,1,12.09,PROPOSED
2026-02-14,2026-02-15,Dallas,MED016,ST029,ST005,16,11.66,PROPOSED
2026-02-14,2026-02-15,Dallas,MED016,ST021,ST005,4,11.66,PROPOSED
2026-02-14,2026-02-15,Dallas,MED017,ST021,ST009,27,20.15,PROPOSED
2026-02-14,2026-02-15,Dallas,MED017,ST029,ST009,5,20.15,PROPOSED
2026-02-14,2026-02-15,Dallas,MED017,ST029,ST005,20,20.15,PROPOSED
2026-02-14,2026-02-15,Dallas,MED017,ST037,ST005,5,20.15,PROPOSED
2026-02-14,2026-02-15,Dallas,MED018,ST001,ST037,8,15.10,PROPOSED
2026-02-14,2026-02-15,Dallas,MED018,ST017,ST005,7,15.10,PROPOSED
2026-02-14,2026-02-15,Dallas,MED020,ST021,ST013,12,13.23,PROPOSED
2026-02-14,2026-02-15,Dallas,MED022,ST017,ST005,1,5.90,PROPOSED
2026-02-14,2026-02-15,Dallas,MED023,ST001,ST013,9,11.57,PROPOSED
2026-02-14,2026-02-15,Dallas,MED024,ST021,ST037,24,16.27,PROPOSED
2026-02-14,2026-02-15,Dallas,MED024,ST017,ST029,10,16.27,PROPOSED
2026-02-14,2026-02-15,Dallas,MED024,ST021,ST029,2,16.27,PROPOSED
2026-02-14,2026-02-15,Dallas,MED025,ST021,ST005,21,13.19,PROPOSED
2026-02-14,2026-02-15,Dallas,MED025,ST029,ST005,1,13.19,PROPOSED
2026-02-14,2026-02-15,Dallas,MED025,ST029,ST013,2,13.19,PROPOSED
2026-02-14,2026-02-15,Dallas,MED026,ST001,ST005,10,10.84,PROPOSED
2026-02-14,2026-02-15,Dallas,MED027,ST021,ST001,25,21.71,PROPOSED
2026-02-14,2026-02-15,Dallas,MED028,ST021,ST005,23,3.43,PROPOSED
2026-02-14,2026-02-15,Dallas,MED028,ST037,ST013,18,3.43,PROPOSED
2026-02-14,2026-02-15,Dallas,MED028,ST029,ST033,7,3.43,PROPOSED
2026-02-14,2026-02-15,Dallas,MED028,ST021,ST033,1,3.43,PROPOSED
2026-02-14,2026-02-15,Dallas,MED029,ST017,ST029,24,13.24,PROPOSED
2026-02-14,2026-02-15,Dallas,MED029,ST017,ST013,10,13.24,PROPOSED
2026-02-14,2026-02-15,Dallas,MED029,ST037,ST013,10,13.24,PROPOSED
2026-02-14,2026-02-15,Dallas,MED029,ST021,ST013,7,13.24,PROPOSED
2026-02-14,2026-02-15,Dallas,MED030,ST021,ST013,4,10.80,PROPOSED
2026-02-14,2026-02-15,Denton,MED001,ST007,ST019,18,3.32,PROPOSED
2026-02-14,2026-02-15,Denton,MED001,ST035,ST019,13,3.32,PROPOSED
2026-02-14,2026-02-15,Denton,MED002,ST015,ST011,7,16.25,PROPOSED
2026-02-14,2026-02-15,Denton,MED003,ST007,ST019,15,14.94,PROPOSED
2026-02-14,2026-02-15,Denton,MED004,ST007,ST039,5,20.79,PROPOSED
2026-02-14,2026-02-15,Denton,MED004,ST011,ST039,5,20.79,PROPOSED
2026-02-14,2026-02-15,Denton,MED005,ST015,ST019,14,19.02,PROPOSED
2026-02-14,2026-02-15,Denton,MED005,ST031,ST019,16,19.02,PROPOSED
2026-02-14,2026-02-15,Denton,MED005,ST007,ST019,10,19.02,PROPOSED
2026-02-14,2026-02-15,Denton,MED006,ST007,ST011,32,22.57,PROPOSED
2026-02-14,2026-02-15,Denton,MED006,ST015,ST011,2,22.57,PROPOSED
2026-02-14,2026-02-15,Denton,MED006,ST015,ST019,16,22.57,PROPOSED
2026-02-14,2026-02-15,Denton,MED007,ST015,ST007,5,14.35,PROPOSED
2026-02-14,2026-02-15,Denton,MED008,ST007,ST039,9,8.54,PROPOSED
2026-02-14,2026-02-15,Denton,MED008,ST015,ST023,5,8.54,PROPOSED
2026-02-14,2026-02-15,Denton,MED008,ST007,ST019,4,8.54,PROPOSED
2026-02-14,2026-02-15,Denton,MED008,ST015,ST019,1,8.54,PROPOSED
2026-02-14,2026-02-15,Denton,MED009,ST035,ST023,4,4.82,PROPOSED
2026-02-14,2026-02-15,Denton,MED010,ST015,ST011,1,21.76,PROPOSED
2026-02-14,2026-02-15,Denton,MED010,ST035,ST011,1,21.76,PROPOSED
2026-02-14,2026-02-15,Denton,MED011,ST007,ST023,6,8.36,PROPOSED
2026-02-14,2026-02-15,Denton,MED012,ST003,ST015,12,15.56,PROPOSED
2026-02-14,2026-02-15,Denton,MED012,ST023,ST015,9,15.56,PROPOSED
2026-02-14,2026-02-15,Denton,MED012,ST035,ST015,8,15.56,PROPOSED
2026-02-14,2026-02-15,Denton,MED012,ST007,ST027,5,15.56,PROPOSED
2026-02-14,2026-02-15,Denton,MED013,ST015,ST027,27,12.09,PROPOSED
2026-02-14,2026-02-15,Denton,MED013,ST035,ST023,7,12.09,PROPOSED
2026-02-14,2026-02-15,Denton,MED014,ST015,ST023,15,3.81,PROPOSED
2026-02-14,2026-02-15,Denton,MED014,ST031,ST035,13,3.81,PROPOSED
2026-02-14,2026-02-15,Denton,MED014,ST007,ST003,11,3.81,PROPOSED
2026-02-14,2026-02-15,Denton,MED015,ST035,ST031,14,14.53,PROPOSED
2026-02-14,2026-02-15,Denton,MED015,ST023,ST031,11,14.53,PROPOSED
2026-02-14,2026-02-15,Denton,MED015,ST015,ST031,11,14.53,PROPOSED
2026-02-14,2026-02-15,Denton,MED016,ST015,ST027,6,11.66,PROPOSED
2026-02-14,2026-02-15,Denton,MED016,ST035,ST027,3,11.66,PROPOSED
2026-02-14,2026-02-15,Denton,MED018,ST035,ST023,17,15.10,PROPOSED
2026-02-14,2026-02-15,Denton,MED018,ST007,ST011,8,15.10,PROPOSED
2026-02-14,2026-02-15,Denton,MED019,ST039,ST031,2,20.75,PROPOSED
2026-02-14,2026-02-15,Denton,MED021,ST015,ST039,1,11.71,PROPOSED
2026-02-14,2026-02-15,Denton,MED022,ST035,ST007,19,5.90,PROPOSED
2026-02-14,2026-02-15,Denton,MED022,ST031,ST019,13,5.90,PROPOSED
2026-02-14,2026-02-15,Denton,MED022,ST039,ST019,3,5.90,PROPOSED
2026-02-14,2026-02-15,Denton,MED023,ST007,ST003,13,11.57,PROPOSED
2026-02-14,2026-02-15,Denton,MED023,ST023,ST003,2,11.57,PROPOSED
2026-02-14,2026-02-15,Denton,MED026,ST015,ST003,11,10.84,PROPOSED
2026-02-14,2026-02-15,Denton,MED026,ST039,ST003,7,10.84,PROPOSED
2026-02-14,2026-02-15,Denton,MED027,ST007,ST031,33,21.71,PROPOSED
2026-02-14,2026-02-15,Denton,MED027,ST035,ST039,36,21.71,PROPOSED
2026-02-14,2026-02-15,Denton,MED028,ST007,ST039,18,3.43,PROPOSED
2026-02-14,2026-02-15,Denton,MED028,ST015,ST039,2,3.43,PROPOSED
2026-02-14,2026-02-15,Denton,MED028,ST015,ST031,5,3.43,PROPOSED
2026-02-14,2026-02-15,Denton,MED029,ST035,ST003,19,13.24,PROPOSED
2026-02-14,2026-02-15,Denton,MED029,ST007,ST003,9,13.24,PROPOSED
2026-02-14,2026-02-15,Denton,MED029,ST007,ST011,8,13.24,PROPOSED
2026-02-14,2026-02-15,Denton,MED029,ST031,ST011,9,13.24,PROPOSED
2026-02-14,2026-02-15,Denton,MED030,ST035,ST019,9,10.80,PROPOSED
2026-02-14,2026-02-15,Denton,MED030,ST015,ST019,4,10.80,PROPOSED
2026-02-14,2026-02-15,Denton,MED030,ST023,ST019,3,10.80,PROPOSED
2026-02-14,2026-02-15,Fort Worth,MED002,ST022,ST018,34,16.25,PROPOSED
2026-02-14,2026-02-15,Fort Worth,MED002,ST002,ST018,7,16.25,PROPOSED
2026-02-14,2026-02-15,Fort Worth,MED002,ST002,ST026,4,16.25,PROPOSED
2026-02-14,2026-02-15,Fort Worth,MED003,ST014,ST018,10,14.94,PROPOSED
2026-02-14,2026-02-15,Fort Worth,MED004,ST010,ST038,5,20.79,PROPOSED
2026-02-14,2026-02-15,Fort Worth,MED008,ST038,ST022,7,8.54,PROPOSED
2026-02-14,2026-02-15,Fort Worth,MED008,ST010,ST026,5,8.54,PROPOSED
2026-02-14,2026-02-15,Fort Worth,MED008,ST038,ST026,4,8.54,PROPOSED
2026-02-14,2026-02-15,Fort Worth,MED008,ST030,ST026,3,8.54,PROPOSED
2026-02-14,2026-02-15,Fort Worth,MED009,ST014,ST018,22,4.82,PROPOSED
2026-02-14,2026-02-15,Fort Worth,MED009,ST030,ST018,5,4.82,PROPOSED
2026-02-14,2026-02-15,Fort Worth,MED009,ST030,ST006,5,4.82,PROPOSED
2026-02-14,2026-02-15,Fort Worth,MED010,ST022,ST006,4,21.76,PROPOSED
2026-02-14,2026-02-15,Fort Worth,MED013,ST002,ST006,16,12.09,PROPOSED
2026-02-14,2026-02-15,Fort Worth,MED014,ST014,ST010,10,3.81,PROPOSED
2026-02-14,2026-02-15,Fort Worth,MED014,ST030,ST010,5,3.81,PROPOSED
2026-02-14,2026-02-15,Fort Worth,MED014,ST002,ST006,10,3.81,PROPOSED
2026-02-14,2026-02-15,Fort Worth,MED014,ST030,ST006,5,3.81,PROPOSED
2026-02-14,2026-02-15,Fort Worth,MED014,ST030,ST034,3,3.81,PROPOSED
2026-02-14,2026-02-15,Fort Worth,MED015,ST014,ST006,40,14.53,PROPOSED
2026-02-14,2026-02-15,Fort Worth,MED016,ST010,ST026,17,11.66,PROPOSED
2026-02-14,2026-02-15,Fort Worth,MED016,ST022,ST026,5,11.66,PROPOSED
2026-02-14,2026-02-15,Fort Worth,MED016,ST014,ST030,6,11.66,PROPOSED
2026-02-14,2026-02-15,Fort Worth,MED016,ST022,ST030,2,11.66,PROPOSED
2026-02-14,2026-02-15,Fort Worth,MED017,ST018,ST006,2,20.15,PROPOSED
2026-02-14,2026-02-15,Fort Worth,MED018,ST022,ST026,15,15.10,PROPOSED
2026-02-14,2026-02-15,Fort Worth,MED018,ST010,ST018,8,15.10,PROPOSED
2026-02-14,2026-02-15,Fort Worth,MED020,ST014,ST006,4,13.23,PROPOSED
2026-02-14,2026-02-15,Fort Worth,MED020,ST002,ST006,5,13.23,PROPOSED
2026-02-14,2026-02-15,Fort Worth,MED021,ST014,ST002,12,11.71,PROPOSED
2026-02-14,2026-02-15,Fort Worth,MED023,ST030,ST006,20,11.57,PROPOSED
2026-02-14,2026-02-15,Fort Worth,MED023,ST022,ST006,2,11.57,PROPOSED
2026-02-14,2026-02-15,Fort Worth,MED025,ST010,ST034,8,13.19,PROPOSED
2026-02-14,2026-02-15,Fort Worth,MED025,ST018,ST034,3,13.19,PROPOSED
2026-02-14,2026-02-15,Fort Worth,MED026,ST030,ST034,22,10.84,PROPOSED
2026-02-14,2026-02-15,Fort Worth,MED027,ST022,ST014,19,21.71,PROPOSED
2026-02-14,2026-02-15,Fort Worth,MED029,ST030,ST006,18,13.24,PROPOSED
2026-02-14,2026-02-15,Fort Worth,MED030,ST022,ST026,10,10.80,PROPOSED
2026-02-14,2026-02-15,Fort Worth,MED030,ST030,ST026,7,10.80,PROPOSED
