po_id,store_id,sku,decision_date,historical_unmet_units,original_receipt_date,policy_receipt_date,arrival_changed,assumed_escalation_cost_usd
PO010616,ST034,MED002,2026-03-01,301,2026-03-03,2026-03-02,1,25
PO010020,ST006,MED009,2026-03-01,214,2026-03-02,2026-03-02,0,25
PO010019,ST006,MED005,2026-03-01,184,2026-03-02,2026-03-02,0,25
PO010050,ST012,MED021,2026-03-01,166,2026-03-03,2026-03-02,1,25
PO010338,ST006,MED001,2026-03-01,140,2026-03-02,2026-03-02,0,25
PO010300,ST038,MED022,2026-03-01,126,2026-03-03,2026-03-02,1,25
PO010215,ST020,MED022,2026-03-01,123,2026-03-04,2026-03-02,1,25
PO010054,ST013,MED016,2026-03-01,107,2026-03-02,2026-03-02,0,25
PO010441,ST033,MED004,2026-03-01,104,2026-03-03,2026-03-02,1,25
PO010574,ST020,MED024,2026-03-01,102,2026-03-03,2026-03-02,1,25
PO010195,ST016,MED024,2026-03-01,101,2026-03-03,2026-03-02,1,25
PO010267,ST031,MED023,2026-03-01,99,2026-03-02,2026-03-02,0,25
PO010531,ST012,MED029,2026-03-01,97,2026-03-03,2026-03-02,1,25
PO010492,ST005,MED006,2026-03-01,95,2026-03-02,2026-03-02,0,25
PO010263,ST031,MED012,2026-03-01,89,2026-03-02,2026-03-02,0,25
PO010710,ST013,MED023,2026-03-01,83,2026-03-04,2026-03-02,1,25
PO010364,ST013,MED030,2026-03-01,81,2026-03-02,2026-03-02,0,25
PO010467,ST039,MED017,2026-03-01,75,2026-03-03,2026-03-02,1,25
PO010274,ST032,MED029,2026-03-01,65,2026-03-04,2026-03-02,1,25
PO010461,ST038,MED002,2026-03-01,63,2026-03-02,2026-03-02,0,25
PO010336,ST005,MED029,2026-03-01,56,2026-03-03,2026-03-02,1,25
PO010176,ST011,MED015,2026-03-01,55,2026-03-02,2026-03-02,0,25
PO010354,ST010,MED021,2026-03-01,54,2026-03-04,2026-03-02,1,25
PO010755,ST025,MED006,2026-03-01,47,2026-03-02,2026-03-02,0,25
PO010042,ST011,MED010,2026-03-01,45,2026-03-02,2026-03-02,0,25
PO010117,ST033,MED013,2026-03-01,45,2026-03-02,2026-03-02,0,25
PO010367,ST015,MED002,2026-03-01,44,2026-03-04,2026-03-02,1,25
PO010542,ST014,MED021,2026-03-01,43,2026-03-02,2026-03-02,0,25
PO010213,ST020,MED003,2026-03-01,38,2026-03-02,2026-03-02,0,25
PO010402,ST023,MED003,2026-03-01,37,2026-03-03,2026-03-02,1,25
PO009837,ST009,MED004,2026-03-01,35,2026-03-02,2026-03-02,0,25
PO010376,ST016,MED007,2026-03-01,35,2026-03-03,2026-03-02,1,25
PO010109,ST030,MED009,2026-03-01,34,2026-03-02,2026-03-02,0,25
PO010816,ST038,MED018,2026-03-01,27,2026-03-02,2026-03-02,0,25
PO010715,ST016,MED010,2026-03-01,25,2026-03-03,2026-03-02,1,25
PO010252,ST029,MED018,2026-03-01,23,2026-03-02,2026-03-02,0,25
PO009981,ST037,MED010,2026-03-01,22,2026-03-02,2026-03-02,0,25
PO010422,ST027,MED014,2026-03-01,20,2026-03-02,2026-03-02,0,25
PO010766,ST026,MED014,2026-03-01,19,2026-03-04,2026-03-02,1,25
PO010130,ST037,MED014,2026-03-01,12,2026-03-02,2026-03-02,0,25
PO010671,ST004,MED030,2026-03-01,11,2026-03-04,2026-03-02,1,25
PO010580,ST022,MED009,2026-03-01,9,2026-03-03,2026-03-02,1,25
PO010540,ST014,MED014,2026-03-01,6,2026-03-03,2026-03-02,1,25
PO010397,ST022,MED003,2026-03-01,2,2026-03-02,2026-03-02,0,25
PO010626,ST036,MED024,2026-03-01,2,2026-03-03,2026-03-02,1,25
PO010289,ST035,MED015,2026-03-01,0,2026-03-04,2026-03-02,1,25
PO010312,ST001,MED006,2026-03-01,0,2026-03-02,2026-03-02,0,25
PO010394,ST021,MED006,2026-03-01,0,2026-03-02,2026-03-02,0,25
PO010721,ST017,MED029,2026-03-01,0,2026-03-03,2026-03-02,1,25
PO011033,ST040,MED017,2026-03-02,201,2026-03-04,2026-03-03,1,25
PO010416,ST026,MED021,2026-03-02,133,2026-03-05,2026-03-03,1,25
PO010733,ST020,MED016,2026-03-02,122,2026-03-03,2026-03-03,0,25
PO010463,ST038,MED006,2026-03-02,97,2026-03-03,2026-03-03,0,25
PO010809,ST034,MED028,2026-03-02,92,2026-03-04,2026-03-03,1,25
PO011023,ST039,MED004,2026-03-02,83,2026-03-04,2026-03-03,1,25
PO010343,ST006,MED024,2026-03-02,81,2026-03-03,2026-03-03,0,25
PO010913,ST019,MED025,2026-03-02,66,2026-03-05,2026-03-03,1,25
PO010515,ST010,MED006,2026-03-02,60,2026-03-04,2026-03-03,1,25
PO010734,ST020,MED030,2026-03-02,56,2026-03-04,2026-03-03,1,25
PO010767,ST026,MED015,2026-03-02,52,2026-03-03,2026-03-03,0,25
PO010495,ST005,MED020,2026-03-02,41,2026-03-04,2026-03-03,1,25
PO010725,ST019,MED009,2026-03-02,33,2026-03-05,2026-03-03,1,25
PO010679,ST006,MED028,2026-03-02,32,2026-03-03,2026-03-03,0,25
PO011010,ST036,MED021,2026-03-02,31,2026-03-03,2026-03-03,0,25
PO010400,ST022,MED025,2026-03-02,30,2026-03-04,2026-03-03,1,25
PO011017,ST037,MED026,2026-03-02,19,2026-03-03,2026-03-03,0,25
PO010892,ST014,MED024,2026-03-02,17,2026-03-05,2026-03-03,1,25
PO010745,ST023,MED021,2026-03-02,12,2026-03-04,2026-03-03,1,25
PO010814,ST037,MED001,2026-03-02,11,2026-03-05,2026-03-03,1,25
PO010930,ST022,MED011,2026-03-02,8,2026-03-05,2026-03-03,1,25
PO010968,ST029,MED010,2026-03-02,8,2026-03-05,2026-03-03,1,25
PO010935,ST023,MED013,2026-03-02,7,2026-03-05,2026-03-03,1,25
PO010834,ST001,MED021,2026-03-02,6,2026-03-03,2026-03-03,0,25
PO010646,ST001,MED007,2026-03-02,3,2026-03-05,2026-03-03,1,25
PO010449,ST035,MED016,2026-03-02,2,2026-03-04,2026-03-03,1,25
PO010685,ST008,MED022,2026-03-02,2,2026-03-03,2026-03-03,0,25
PO010712,ST015,MED006,2026-03-02,2,2026-03-04,2026-03-03,1,25
PO010796,ST032,MED027,2026-03-03,125,2026-03-04,2026-03-04,0,25
PO010880,ST012,MED012,2026-03-03,118,2026-03-06,2026-03-04,1,25
PO010572,ST020,MED020,2026-03-03,101,2026-03-04,2026-03-04,0,25
PO010804,ST034,MED011,2026-03-03,78,2026-03-06,2026-03-04,1,25
PO010613,ST033,MED022,2026-03-03,74,2026-03-04,2026-03-04,0,25
PO010867,ST009,MED011,2026-03-03,73,2026-03-04,2026-03-04,0,25
PO011020,ST038,MED015,2026-03-03,73,2026-03-06,2026-03-04,1,25
PO010592,ST026,MED025,2026-03-03,69,2026-03-04,2026-03-04,0,25
PO010561,ST018,MED007,2026-03-03,64,2026-03-06,2026-03-04,1,25
PO010642,ST040,MED013,2026-03-03,64,2026-03-06,2026-03-04,1,25
PO010546,ST015,MED012,2026-03-03,60,2026-03-05,2026-03-04,1,25
PO010523,ST011,MED005,2026-03-03,53,2026-03-04,2026-03-04,0,25
PO010857,ST006,MED025,2026-03-03,52,2026-03-06,2026-03-04,1,25
PO010644,ST040,MED024,2026-03-03,45,2026-03-04,2026-03-04,0,25
PO010746,ST024,MED009,2026-03-03,35,2026-03-04,2026-03-04,0,25
PO010557,ST017,MED028,2026-03-03,34,2026-03-04,2026-03-04,0,25
PO011045,ST004,MED008,2026-03-03,34,2026-03-06,2026-03-04,1,25
PO010788,ST031,MED008,2026-03-03,33,2026-03-05,2026-03-04,1,25
PO010513,ST009,MED024,2026-03-03,32,2026-03-05,2026-03-04,1,25
PO010696,ST011,MED006,2026-03-03,32,2026-03-04,2026-03-04,0,25
PO010951,ST025,MED025,2026-03-03,29,2026-03-05,2026-03-04,1,25
PO010511,ST008,MED026,2026-03-03,28,2026-03-06,2026-03-04,1,25
PO010559,ST018,MED004,2026-03-03,28,2026-03-04,2026-03-04,0,25
PO010514,ST009,MED029,2026-03-03,20,2026-03-05,2026-03-04,1,25
PO010865,ST008,MED024,2026-03-03,18,2026-03-06,2026-03-04,1,25
PO010550,ST016,MED018,2026-03-03,15,2026-03-06,2026-03-04,1,25
PO010480,ST003,MED007,2026-03-03,8,2026-03-04,2026-03-04,0,25
PO010860,ST007,MED019,2026-03-03,8,2026-03-04,2026-03-04,0,25
PO010736,ST021,MED008,2026-03-03,7,2026-03-04,2026-03-04,0,25
PO011063,ST008,MED001,2026-03-03,7,2026-03-05,2026-03-04,1,25
PO010476,ST001,MED030,2026-03-03,5,2026-03-05,2026-03-04,1,25
PO010474,ST001,MED011,2026-03-03,1,2026-03-05,2026-03-04,1,25
PO010657,ST002,MED024,2026-03-03,1,2026-03-04,2026-03-04,0,25
PO011003,ST036,MED001,2026-03-03,0,2026-03-06,2026-03-04,1,25
PO010726,ST019,MED011,2026-03-04,124,2026-03-06,2026-03-05,1,25
PO010808,ST034,MED023,2026-03-04,122,2026-03-07,2026-03-05,1,25
PO010791,ST032,MED002,2026-03-04,109,2026-03-05,2026-03-05,0,25
PO011055,ST006,MED030,2026-03-04,90,2026-03-06,2026-03-05,1,25
PO011091,ST012,MED026,2026-03-04,83,2026-03-05,2026-03-05,0,25
PO011163,ST027,MED029,2026-03-04,82,2026-03-06,2026-03-05,1,25
PO010995,ST034,MED016,2026-03-04,73,2026-03-07,2026-03-05,1,25
PO010660,ST003,MED006,2026-03-04,64,2026-03-07,2026-03-05,1,25
PO011191,ST032,MED009,2026-03-04,58,2026-03-07,2026-03-05,1,25
PO011076,ST010,MED014,2026-03-04,53,2026-03-06,2026-03-05,1,25
PO010881,ST012,MED015,2026-03-04,51,2026-03-05,2026-03-05,0,25
PO010885,ST013,MED007,2026-03-04,47,2026-03-05,2026-03-05,0,25
PO011075,ST010,MED005,2026-03-04,47,2026-03-07,2026-03-05,1,25
PO010665,ST004,MED007,2026-03-04,43,2026-03-05,2026-03-05,0,25
PO011025,ST039,MED010,2026-03-04,41,2026-03-06,2026-03-05,1,25
PO010984,ST032,MED020,2026-03-04,37,2026-03-05,2026-03-05,0,25
PO011287,ST014,MED015,2026-03-04,27,2026-03-06,2026-03-05,1,25
PO011264,ST008,MED023,2026-03-04,26,2026-03-06,2026-03-05,1,25
PO010871,ST009,MED023,2026-03-04,24,2026-03-07,2026-03-05,1,25
PO010735,ST021,MED002,2026-03-04,15,2026-03-05,2026-03-05,0,25
PO010981,ST031,MED025,2026-03-04,9,2026-03-06,2026-03-05,1,25
PO011059,ST007,MED018,2026-03-04,9,2026-03-07,2026-03-05,1,25
PO011173,ST030,MED006,2026-03-04,5,2026-03-05,2026-03-05,0,25
PO011133,ST021,MED011,2026-03-04,0,2026-03-05,2026-03-05,0,25
PO011342,ST028,MED011,2026-03-04,0,2026-03-05,2026-03-05,0,25
PO011413,ST006,MED009,2026-03-05,214,2026-03-08,2026-03-06,1,25
PO011204,ST034,MED024,2026-03-05,126,2026-03-06,2026-03-06,0,25
PO011196,ST033,MED015,2026-03-05,118,2026-03-06,2026-03-06,0,25
PO011038,ST003,MED002,2026-03-05,110,2026-03-07,2026-03-06,1,25
PO011513,ST031,MED015,2026-03-05,105,2026-03-07,2026-03-06,1,25
PO011397,ST004,MED005,2026-03-05,97,2026-03-07,2026-03-06,1,25
PO010947,ST025,MED009,2026-03-05,95,2026-03-07,2026-03-06,1,25
PO010948,ST025,MED012,2026-03-05,95,2026-03-07,2026-03-06,1,25
PO011128,ST019,MED021,2026-03-05,89,2026-03-08,2026-03-06,1,25
PO011217,ST037,MED027,2026-03-05,63,2026-03-06,2026-03-06,0,25
PO011479,ST023,MED029,2026-03-05,54,2026-03-07,2026-03-06,1,25
PO011388,ST001,MED027,2026-03-05,46,2026-03-07,2026-03-06,1,25
PO010837,ST002,MED018,2026-03-05,31,2026-03-06,2026-03-06,0,25
PO011151,ST025,MED018,2026-03-05,24,2026-03-07,2026-03-06,1,25
PO011215,ST037,MED020,2026-03-05,22,2026-03-07,2026-03-06,1,25
PO011297,ST017,MED003,2026-03-05,16,2026-03-07,2026-03-06,1,25
PO010980,ST031,MED016,2026-03-05,4,2026-03-06,2026-03-06,0,25
PO010893,ST015,MED003,2026-03-05,3,2026-03-08,2026-03-06,1,25
PO011471,ST022,MED016,2026-03-05,0,2026-03-06,2026-03-06,0,25
PO011569,ST005,MED017,2026-03-06,180,2026-03-09,2026-03-07,1,25
PO011435,ST012,MED024,2026-03-06,153,2026-03-09,2026-03-07,1,25
PO011430,ST011,MED027,2026-03-06,119,2026-03-07,2026-03-07,0,25
PO011282,ST013,MED021,2026-03-06,116,2026-03-09,2026-03-07,1,25
PO011353,ST032,MED004,2026-03-06,116,2026-03-08,2026-03-07,1,25
PO011728,ST039,MED027,2026-03-06,106,2026-03-07,2026-03-07,0,25
PO011253,ST005,MED021,2026-03-06,97,2026-03-07,2026-03-07,0,25
PO011665,ST026,MED009,2026-03-06,84,2026-03-07,2026-03-07,0,25
PO011663,ST025,MED021,2026-03-06,71,2026-03-07,2026-03-07,0,25
PO011668,ST026,MED018,2026-03-06,46,2026-03-09,2026-03-07,1,25
PO011696,ST033,MED013,2026-03-06,45,2026-03-09,2026-03-07,1,25
PO011604,ST013,MED026,2026-03-06,37,2026-03-07,2026-03-07,0,25
PO011584,ST008,MED030,2026-03-06,32,2026-03-09,2026-03-07,1,25
PO011646,ST022,MED020,2026-03-06,22,2026-03-08,2026-03-07,1,25
PO011119,ST018,MED019,2026-03-06,20,2026-03-09,2026-03-07,1,25
PO011213,ST037,MED015,2026-03-06,15,2026-03-08,2026-03-07,1,25
PO011318,ST021,MED030,2026-03-06,9,2026-03-08,2026-03-07,1,25
PO011145,ST023,MED019,2026-03-06,7,2026-03-09,2026-03-07,1,25
PO011285,ST014,MED006,2026-03-06,5,2026-03-07,2026-03-07,0,25
PO011057,ST007,MED009,2026-03-06,3,2026-03-08,2026-03-07,1,25
PO011114,ST017,MED025,2026-03-06,0,2026-03-08,2026-03-07,1,25
PO011700,ST034,MED002,2026-03-07,301,2026-03-08,2026-03-08,0,25
PO011782,ST012,MED021,2026-03-07,166,2026-03-10,2026-03-08,1,25
PO011455,ST018,MED006,2026-03-07,127,2026-03-09,2026-03-08,1,25
PO011863,ST032,MED027,2026-03-07,125,2026-03-08,2026-03-08,0,25
PO011273,ST012,MED001,2026-03-07,100,2026-03-08,2026-03-08,0,25
PO011738,ST002,MED011,2026-03-07,58,2026-03-08,2026-03-08,0,25
PO011784,ST012,MED030,2026-03-07,49,2026-03-08,2026-03-08,0,25
PO011877,ST036,MED026,2026-03-07,44,2026-03-08,2026-03-08,0,25
PO011449,ST015,MED022,2026-03-07,43,2026-03-10,2026-03-08,1,25
PO011632,ST019,MED007,2026-03-07,42,2026-03-10,2026-03-08,1,25
PO011745,ST003,MED016,2026-03-07,40,2026-03-09,2026-03-08,1,25
PO011640,ST020,MED019,2026-03-07,27,2026-03-10,2026-03-08,1,25
PO011512,ST031,MED011,2026-03-07,20,2026-03-09,2026-03-08,1,25
PO011614,ST015,MED008,2026-03-07,19,2026-03-08,2026-03-08,0,25
PO011250,ST005,MED003,2026-03-07,13,2026-03-08,2026-03-08,0,25
PO011649,ST023,MED007,2026-03-07,12,2026-03-09,2026-03-08,1,25
PO011543,ST039,MED028,2026-03-07,9,2026-03-10,2026-03-08,1,25
PO011367,ST035,MED006,2026-03-07,2,2026-03-08,2026-03-08,0,25
PO011704,ST034,MED025,2026-03-08,160,2026-03-09,2026-03-09,0,25
PO011912,ST005,MED004,2026-03-08,124,2026-03-09,2026-03-09,0,25
PO011986,ST019,MED026,2026-03-08,109,2026-03-09,2026-03-09,0,25
PO011994,ST020,MED026,2026-03-08,100,2026-03-11,2026-03-09,1,25
PO012015,ST025,MED022,2026-03-08,95,2026-03-10,2026-03-09,1,25
PO011428,ST011,MED021,2026-03-08,87,2026-03-11,2026-03-09,1,25
PO011404,ST005,MED013,2026-03-08,82,2026-03-10,2026-03-09,1,25
PO011797,ST017,MED006,2026-03-08,79,2026-03-09,2026-03-09,0,25
PO011916,ST005,MED022,2026-03-08,75,2026-03-11,2026-03-09,1,25
PO011406,ST005,MED025,2026-03-08,72,2026-03-09,2026-03-09,0,25
PO011654,ST024,MED023,2026-03-08,72,2026-03-11,2026-03-09,1,25
PO012052,ST033,MED028,2026-03-08,67,2026-03-10,2026-03-09,1,25
PO011823,ST024,MED011,2026-03-08,58,2026-03-10,2026-03-09,1,25
PO011939,ST010,MED021,2026-03-08,54,2026-03-09,2026-03-09,0,25
PO012073,ST038,MED020,2026-03-08,52,2026-03-09,2026-03-09,0,25
PO012048,ST033,MED016,2026-03-08,51,2026-03-10,2026-03-09,1,25
PO011566,ST004,MED029,2026-03-08,45,2026-03-09,2026-03-09,0,25
PO012061,ST036,MED017,2026-03-08,39,2026-03-09,2026-03-09,0,25
PO011556,ST001,MED026,2026-03-08,32,2026-03-10,2026-03-09,1,25
PO011483,ST024,MED022,2026-03-08,30,2026-03-10,2026-03-09,1,25
PO011883,ST038,MED021,2026-03-08,28,2026-03-11,2026-03-09,1,25
PO011551,ST001,MED004,2026-03-08,24,2026-03-10,2026-03-09,1,25
PO011647,ST022,MED021,2026-03-08,18,2026-03-11,2026-03-09,1,25
PO011431,ST011,MED030,2026-03-08,9,2026-03-10,2026-03-09,1,25
PO011501,ST028,MED019,2026-03-08,9,2026-03-09,2026-03-09,0,25
PO012063,ST036,MED025,2026-03-08,7,2026-03-09,2026-03-09,0,25
PO011851,ST029,MED001,2026-03-08,4,2026-03-09,2026-03-09,0,25
PO012056,ST035,MED016,2026-03-08,2,2026-03-09,2026-03-09,0,25
PO011670,ST027,MED002,2026-03-09,197,2026-03-10,2026-03-10,0,25
PO011842,ST026,MED024,2026-03-09,142,2026-03-11,2026-03-10,1,25
PO011705,ST034,MED029,2026-03-09,140,2026-03-12,2026-03-10,1,25
PO012076,ST039,MED005,2026-03-09,127,2026-03-10,2026-03-10,0,25
PO011838,ST026,MED004,2026-03-09,110,2026-03-10,2026-03-10,0,25
PO011731,ST040,MED022,2026-03-09,103,2026-03-11,2026-03-10,1,25
PO011571,ST005,MED029,2026-03-09,56,2026-03-11,2026-03-10,1,25
PO012122,ST011,MED004,2026-03-09,48,2026-03-10,2026-03-10,0,25
PO011659,ST025,MED006,2026-03-09,47,2026-03-12,2026-03-10,1,25
PO012155,ST018,MED008,2026-03-09,44,2026-03-11,2026-03-10,1,25
PO011888,ST040,MED016,2026-03-09,37,2026-03-10,2026-03-10,0,25
PO011586,ST009,MED004,2026-03-09,35,2026-03-11,2026-03-10,1,25
PO012205,ST029,MED006,2026-03-09,33,2026-03-12,2026-03-10,1,25
PO011716,ST037,MED006,2026-03-09,30,2026-03-12,2026-03-10,1,25
PO011775,ST010,MED030,2026-03-09,24,2026-03-10,2026-03-10,0,25
PO011629,ST017,MED020,2026-03-09,18,2026-03-10,2026-03-10,0,25
PO011849,ST028,MED010,2026-03-09,12,2026-03-12,2026-03-10,1,25
PO012044,ST032,MED028,2026-03-09,9,2026-03-10,2026-03-10,0,25
PO012088,ST001,MED021,2026-03-09,6,2026-03-12,2026-03-10,1,25
PO012237,ST036,MED009,2026-03-09,5,2026-03-12,2026-03-10,1,25
PO011578,ST007,MED003,2026-03-09,4,2026-03-11,2026-03-10,1,25
PO012286,ST005,MED012,2026-03-10,204,2026-03-11,2026-03-11,0,25
PO011809,ST020,MED021,2026-03-10,186,2026-03-11,2026-03-11,0,25
PO012287,ST006,MED001,2026-03-10,140,2026-03-13,2026-03-11,1,25
PO012199,ST027,MED024,2026-03-10,107,2026-03-11,2026-03-11,0,25
PO012070,ST038,MED012,2026-03-10,103,2026-03-13,2026-03-11,1,25
PO011950,ST012,MED023,2026-03-10,93,2026-03-13,2026-03-11,1,25
PO012125,ST011,MED017,2026-03-10,55,2026-03-11,2026-03-11,0,25
PO011974,ST017,MED022,2026-03-10,50,2026-03-11,2026-03-11,0,25
PO012321,ST011,MED026,2026-03-10,50,2026-03-12,2026-03-11,1,25
PO011744,ST003,MED013,2026-03-10,49,2026-03-13,2026-03-11,1,25
PO012177,ST022,MED029,2026-03-10,33,2026-03-11,2026-03-11,0,25
PO011753,ST004,MED018,2026-03-10,27,2026-03-12,2026-03-11,1,25
PO011821,ST024,MED005,2026-03-10,26,2026-03-11,2026-03-11,0,25
PO012064,ST037,MED010,2026-03-10,22,2026-03-13,2026-03-11,1,25
PO012423,ST032,MED018,2026-03-10,22,2026-03-12,2026-03-11,1,25
PO011767,ST008,MED008,2026-03-10,21,2026-03-12,2026-03-11,1,25
PO011922,ST007,MED001,2026-03-10,20,2026-03-13,2026-03-11,1,25
PO012409,ST030,MED024,2026-03-10,20,2026-03-12,2026-03-11,1,25
PO012339,ST014,MED004,2026-03-10,16,2026-03-12,2026-03-11,1,25
PO012342,ST014,MED022,2026-03-10,11,2026-03-12,2026-03-11,1,25
PO011961,ST015,MED006,2026-03-10,2,2026-03-12,2026-03-11,1,25
PO011761,ST007,MED004,2026-03-10,0,2026-03-13,2026-03-11,1,25
PO012139,ST014,MED003,2026-03-10,0,2026-03-11,2026-03-11,0,25
PO012136,ST013,MED022,2026-03-11,224,2026-03-14,2026-03-12,1,25
PO012465,ST040,MED012,2026-03-11,192,2026-03-14,2026-03-12,1,25
PO012260,ST040,MED005,2026-03-11,135,2026-03-13,2026-03-12,1,25
PO012158,ST018,MED026,2026-03-11,117,2026-03-14,2026-03-12,1,25
PO012334,ST013,MED016,2026-03-11,107,2026-03-13,2026-03-12,1,25
PO012472,ST003,MED006,2026-03-11,64,2026-03-14,2026-03-12,1,25
PO012471,ST003,MED001,2026-03-11,62,2026-03-14,2026-03-12,1,25
PO012016,ST025,MED026,2026-03-11,61,2026-03-12,2026-03-12,0,25
PO012022,ST027,MED013,2026-03-11,60,2026-03-14,2026-03-12,1,25
PO012106,ST005,MED018,2026-03-11,48,2026-03-13,2026-03-12,1,25
PO012066,ST037,MED012,2026-03-11,37,2026-03-13,2026-03-12,1,25
PO012377,ST023,MED003,2026-03-11,37,2026-03-14,2026-03-12,1,25
PO012408,ST030,MED009,2026-03-11,34,2026-03-13,2026-03-12,1,25
PO012393,ST026,MED014,2026-03-11,19,2026-03-14,2026-03-12,1,25
PO012090,ST002,MED004,2026-03-11,13,2026-03-14,2026-03-12,1,25
PO012028,ST029,MED013,2026-03-11,10,2026-03-14,2026-03-12,1,25
PO011928,ST008,MED014,2026-03-11,8,2026-03-12,2026-03-12,0,25
PO012216,ST032,MED008,2026-03-11,2,2026-03-12,2026-03-12,0,25
PO012607,ST034,MED021,2026-03-12,179,2026-03-14,2026-03-13,1,25
PO012686,ST013,MED024,2026-03-12,147,2026-03-14,2026-03-13,1,25
PO012681,ST013,MED011,2026-03-12,108,2026-03-13,2026-03-13,0,25
PO012191,ST026,MED020,2026-03-12,107,2026-03-15,2026-03-13,1,25
PO012424,ST032,MED022,2026-03-12,87,2026-03-13,2026-03-13,0,25
PO012284,ST005,MED001,2026-03-12,62,2026-03-14,2026-03-13,1,25
PO012428,ST034,MED003,2026-03-12,48,2026-03-13,2026-03-13,0,25
PO012309,ST009,MED022,2026-03-12,39,2026-03-14,2026-03-13,1,25
PO012348,ST017,MED009,2026-03-12,38,2026-03-14,2026-03-13,1,25
PO012639,ST002,MED018,2026-03-12,31,2026-03-15,2026-03-13,1,25
PO012368,ST020,MED010,2026-03-12,30,2026-03-14,2026-03-13,1,25
PO012388,ST025,MED025,2026-03-12,29,2026-03-14,2026-03-13,1,25
PO012456,ST039,MED018,2026-03-12,27,2026-03-15,2026-03-13,1,25
PO012663,ST008,MED023,2026-03-12,26,2026-03-14,2026-03-13,1,25
PO012310,ST009,MED023,2026-03-12,24,2026-03-14,2026-03-13,1,25
PO012596,ST033,MED003,2026-03-12,22,2026-03-15,2026-03-13,1,25
PO012395,ST026,MED030,2026-03-12,19,2026-03-15,2026-03-13,1,25
PO012119,ST009,MED018,2026-03-12,17,2026-03-14,2026-03-13,1,25
PO012171,ST022,MED003,2026-03-12,2,2026-03-14,2026-03-13,1,25
PO012087,ST001,MED011,2026-03-12,1,2026-03-13,2026-03-13,0,25
PO012689,ST014,MED013,2026-03-12,0,2026-03-15,2026-03-13,1,25
PO012605,ST034,MED013,2026-03-13,101,2026-03-16,2026-03-14,1,25
PO012484,ST005,MED024,2026-03-13,96,2026-03-15,2026-03-14,1,25
PO012542,ST019,MED021,2026-03-13,89,2026-03-15,2026-03-14,1,25
PO012916,ST029,MED017,2026-03-13,71,2026-03-16,2026-03-14,1,25
PO012328,ST012,MED016,2026-03-13,62,2026-03-14,2026-03-14,0,25
PO012920,ST030,MED012,2026-03-13,54,2026-03-16,2026-03-14,1,25
PO012572,ST027,MED020,2026-03-13,51,2026-03-16,2026-03-14,1,25
PO012517,ST012,MED030,2026-03-13,49,2026-03-14,2026-03-14,0,25
PO012502,ST010,MED005,2026-03-13,47,2026-03-16,2026-03-14,1,25
PO012507,ST011,MED007,2026-03-13,45,2026-03-16,2026-03-14,1,25
PO012826,ST005,MED020,2026-03-13,41,2026-03-14,2026-03-14,0,25
PO012326,ST012,MED011,2026-03-13,39,2026-03-15,2026-03-14,1,25
PO012336,ST013,MED026,2026-03-13,37,2026-03-15,2026-03-14,1,25
PO012674,ST010,MED025,2026-03-13,36,2026-03-15,2026-03-14,1,25
PO012598,ST033,MED018,2026-03-13,35,2026-03-16,2026-03-14,1,25
PO012361,ST019,MED003,2026-03-13,32,2026-03-16,2026-03-14,1,25
PO012521,ST013,MED019,2026-03-13,28,2026-03-15,2026-03-14,1,25
PO012668,ST009,MED030,2026-03-13,25,2026-03-16,2026-03-14,1,25
PO012754,ST029,MED012,2026-03-13,24,2026-03-14,2026-03-14,0,25
PO012531,ST016,MED018,2026-03-13,15,2026-03-16,2026-03-14,1,25
PO012666,ST009,MED025,2026-03-13,12,2026-03-14,2026-03-14,0,25
PO012881,ST022,MED007,2026-03-13,10,2026-03-14,2026-03-14,0,25
PO012528,ST015,MED030,2026-03-13,9,2026-03-16,2026-03-14,1,25
PO012436,ST035,MED022,2026-03-13,7,2026-03-14,2026-03-14,0,25
PO012692,ST015,MED007,2026-03-13,7,2026-03-16,2026-03-14,1,25
PO012834,ST008,MED004,2026-03-13,5,2026-03-15,2026-03-14,1,25
PO012581,ST029,MED014,2026-03-13,4,2026-03-15,2026-03-14,1,25
PO012915,ST029,MED009,2026-03-13,4,2026-03-14,2026-03-14,0,25
PO012492,ST007,MED012,2026-03-13,1,2026-03-15,2026-03-14,1,25
PO012798,ST037,MED028,2026-03-13,1,2026-03-14,2026-03-14,0,25
PO012375,ST022,MED006,2026-03-13,0,2026-03-14,2026-03-14,0,25
PO012441,ST036,MED001,2026-03-13,0,2026-03-16,2026-03-14,1,25
PO013035,ST018,MED002,2026-03-14,191,2026-03-17,2026-03-15,1,25
PO012824,ST005,MED017,2026-03-14,180,2026-03-17,2026-03-15,1,25
PO012595,ST033,MED001,2026-03-14,117,2026-03-15,2026-03-15,0,25
PO012852,ST011,MED023,2026-03-14,97,2026-03-15,2026-03-15,0,25
PO012802,ST040,MED004,2026-03-14,89,2026-03-16,2026-03-15,1,25
PO012845,ST010,MED027,2026-03-14,82,2026-03-16,2026-03-15,1,25
PO013042,ST019,MED006,2026-03-14,70,2026-03-16,2026-03-15,1,25
PO012701,ST016,MED009,2026-03-14,54,2026-03-15,2026-03-15,0,25
PO013094,ST027,MED025,2026-03-14,51,2026-03-16,2026-03-15,1,25
PO012532,ST016,MED020,2026-03-14,49,2026-03-17,2026-03-15,1,25
PO012761,ST030,MED021,2026-03-14,49,2026-03-16,2026-03-15,1,25
PO012550,ST021,MED009,2026-03-14,48,2026-03-16,2026-03-15,1,25
PO012665,ST009,MED017,2026-03-14,34,2026-03-16,2026-03-15,1,25
PO012923,ST031,MED003,2026-03-14,31,2026-03-16,2026-03-15,1,25
PO012501,ST009,MED021,2026-03-14,28,2026-03-15,2026-03-15,0,25
PO012992,ST008,MED020,2026-03-14,28,2026-03-16,2026-03-15,1,25
PO013145,ST038,MED021,2026-03-14,28,2026-03-17,2026-03-15,1,25
PO012744,ST025,MED018,2026-03-14,24,2026-03-15,2026-03-15,0,25
PO012505,ST010,MED020,2026-03-14,10,2026-03-17,2026-03-15,1,25
PO012538,ST018,MED014,2026-03-14,10,2026-03-15,2026-03-15,0,25
PO012554,ST021,MED030,2026-03-14,9,2026-03-16,2026-03-15,1,25
PO012913,ST028,MED020,2026-03-14,6,2026-03-16,2026-03-15,1,25
PO012958,ST001,MED018,2026-03-14,6,2026-03-16,2026-03-15,1,25
PO012886,ST023,MED008,2026-03-14,5,2026-03-17,2026-03-15,1,25
PO012735,ST023,MED020,2026-03-14,3,2026-03-17,2026-03-15,1,25
PO012752,ST028,MED011,2026-03-14,0,2026-03-16,2026-03-15,1,25
PO012758,ST029,MED029,2026-03-14,0,2026-03-15,2026-03-15,0,25
PO012945,ST036,MED019,2026-03-14,0,2026-03-16,2026-03-15,1,25
PO012952,ST040,MED002,2026-03-15,209,2026-03-16,2026-03-16,0,25
PO012912,ST027,MED021,2026-03-15,178,2026-03-16,2026-03-16,0,25
PO012710,ST018,MED006,2026-03-15,127,2026-03-16,2026-03-16,0,25
PO013048,ST019,MED022,2026-03-15,106,2026-03-16,2026-03-16,0,25
PO012823,ST005,MED005,2026-03-15,105,2026-03-18,2026-03-16,1,25
PO012827,ST005,MED023,2026-03-15,99,2026-03-18,2026-03-16,1,25
PO012856,ST012,MED026,2026-03-15,83,2026-03-16,2026-03-16,0,25
PO012658,ST006,MED024,2026-03-15,81,2026-03-16,2026-03-16,0,25
PO013096,ST027,MED030,2026-03-15,65,2026-03-18,2026-03-16,1,25
PO013079,ST025,MED001,2026-03-15,64,2026-03-16,2026-03-16,0,25
PO012820,ST004,MED024,2026-03-15,58,2026-03-17,2026-03-16,1,25
PO013032,ST017,MED004,2026-03-15,56,2026-03-18,2026-03-16,1,25
PO013200,ST011,MED015,2026-03-15,55,2026-03-17,2026-03-16,1,25
PO013240,ST020,MED007,2026-03-15,44,2026-03-18,2026-03-16,1,25
PO013292,ST030,MED015,2026-03-15,43,2026-03-16,2026-03-16,0,25
PO013158,ST040,MED030,2026-03-15,38,2026-03-18,2026-03-16,1,25
PO012860,ST014,MED005,2026-03-15,36,2026-03-18,2026-03-16,1,25
PO012682,ST013,MED014,2026-03-15,30,2026-03-17,2026-03-16,1,25
PO012941,ST036,MED007,2026-03-15,25,2026-03-16,2026-03-16,0,25
PO012939,ST035,MED011,2026-03-15,24,2026-03-17,2026-03-16,1,25
PO012902,ST026,MED011,2026-03-15,19,2026-03-18,2026-03-16,1,25
PO012636,ST002,MED008,2026-03-15,18,2026-03-16,2026-03-16,0,25
PO013248,ST021,MED027,2026-03-15,16,2026-03-17,2026-03-16,1,25
PO012711,ST018,MED020,2026-03-15,13,2026-03-17,2026-03-16,1,25
PO012869,ST016,MED008,2026-03-15,13,2026-03-18,2026-03-16,1,25
PO012960,ST002,MED001,2026-03-15,12,2026-03-17,2026-03-16,1,25
PO013293,ST030,MED016,2026-03-15,10,2026-03-17,2026-03-16,1,25
PO012883,ST022,MED016,2026-03-15,0,2026-03-18,2026-03-16,1,25
PO012940,ST036,MED006,2026-03-15,0,2026-03-16,2026-03-16,0,25
PO013027,ST016,MED023,2026-03-15,0,2026-03-16,2026-03-16,0,25
PO012911,ST027,MED017,2026-03-16,256,2026-03-18,2026-03-17,1,25
PO013397,ST013,MED012,2026-03-16,208,2026-03-19,2026-03-17,1,25
PO013423,ST019,MED027,2026-03-16,192,2026-03-19,2026-03-17,1,25
PO013260,ST024,MED017,2026-03-16,169,2026-03-18,2026-03-17,1,25
PO013045,ST019,MED011,2026-03-16,124,2026-03-19,2026-03-17,1,25
PO013428,ST020,MED024,2026-03-16,102,2026-03-18,2026-03-17,1,25
PO013388,ST012,MED001,2026-03-16,100,2026-03-18,2026-03-17,1,25
PO013312,ST037,MED022,2026-03-16,65,2026-03-17,2026-03-17,0,25
PO013298,ST032,MED009,2026-03-16,58,2026-03-19,2026-03-17,1,25
PO013011,ST012,MED025,2026-03-16,57,2026-03-17,2026-03-17,0,25
PO013039,ST018,MED022,2026-03-16,50,2026-03-17,2026-03-17,0,25
PO013214,ST014,MED021,2026-03-16,43,2026-03-19,2026-03-17,1,25
PO013251,ST022,MED025,2026-03-16,30,2026-03-17,2026-03-17,0,25
PO013468,ST030,MED025,2026-03-16,22,2026-03-18,2026-03-17,1,25
PO013379,ST009,MED029,2026-03-16,20,2026-03-18,2026-03-17,1,25
PO013467,ST030,MED024,2026-03-16,20,2026-03-19,2026-03-17,1,25
PO013286,ST029,MED007,2026-03-16,19,2026-03-18,2026-03-17,1,25
PO013416,ST018,MED030,2026-03-16,16,2026-03-17,2026-03-17,0,25
PO012991,ST008,MED019,2026-03-16,15,2026-03-19,2026-03-17,1,25
PO013167,ST002,MED014,2026-03-16,15,2026-03-17,2026-03-17,0,25
PO013106,ST030,MED008,2026-03-16,12,2026-03-19,2026-03-17,1,25
PO013017,ST014,MED017,2026-03-16,10,2026-03-17,2026-03-17,0,25
PO013483,ST033,MED014,2026-03-16,9,2026-03-19,2026-03-17,1,25
PO013243,ST021,MED003,2026-03-16,4,2026-03-19,2026-03-17,1,25
PO013026,ST016,MED016,2026-03-16,3,2026-03-18,2026-03-17,1,25
PO013376,ST008,MED029,2026-03-16,0,2026-03-18,2026-03-17,1,25
PO013126,ST033,MED017,2026-03-17,173,2026-03-20,2026-03-18,1,25
PO013517,ST039,MED006,2026-03-17,105,2026-03-19,2026-03-18,1,25
PO013160,ST001,MED002,2026-03-17,102,2026-03-20,2026-03-18,1,25
PO013209,ST012,MED022,2026-03-17,91,2026-03-18,2026-03-18,0,25
PO013230,ST017,MED027,2026-03-17,87,2026-03-19,2026-03-18,1,25
PO013443,ST025,MED021,2026-03-17,71,2026-03-19,2026-03-18,1,25
PO013127,ST033,MED028,2026-03-17,67,2026-03-20,2026-03-18,1,25
PO013347,ST003,MED023,2026-03-17,62,2026-03-19,2026-03-18,1,25
PO013115,ST031,MED030,2026-03-17,53,2026-03-19,2026-03-18,1,25
PO013421,ST019,MED020,2026-03-17,44,2026-03-19,2026-03-18,1,25
PO013675,ST033,MED020,2026-03-17,41,2026-03-18,2026-03-18,0,25
PO013194,ST009,MED004,2026-03-17,35,2026-03-20,2026-03-18,1,25
PO013227,ST017,MED020,2026-03-17,18,2026-03-18,2026-03-18,0,25
PO013402,ST014,MED010,2026-03-17,13,2026-03-20,2026-03-18,1,25
PO013002,ST010,MED023,2026-03-17,12,2026-03-18,2026-03-18,0,25
PO013503,ST037,MED008,2026-03-17,6,2026-03-18,2026-03-18,0,25
PO013471,ST031,MED020,2026-03-17,5,2026-03-18,2026-03-18,0,25
PO013018,ST014,MED023,2026-03-17,2,2026-03-19,2026-03-18,1,25
PO013593,ST014,MED012,2026-03-17,1,2026-03-20,2026-03-18,1,25
PO013179,ST006,MED022,2026-03-18,149,2026-03-21,2026-03-19,1,25
PO013359,ST006,MED001,2026-03-18,140,2026-03-19,2026-03-19,0,25
PO013412,ST018,MED017,2026-03-18,116,2026-03-20,2026-03-19,1,25
PO013848,ST032,MED021,2026-03-18,116,2026-03-19,2026-03-19,0,25
PO013584,ST013,MED009,2026-03-18,111,2026-03-19,2026-03-19,0,25
PO013207,ST012,MED002,2026-03-18,87,2026-03-21,2026-03-19,1,25
PO013297,ST032,MED005,2026-03-18,83,2026-03-19,2026-03-19,0,25
PO013673,ST032,MED029,2026-03-18,65,2026-03-19,2026-03-19,0,25
PO013399,ST013,MED020,2026-03-18,64,2026-03-20,2026-03-19,1,25
PO013699,ST037,MED027,2026-03-18,63,2026-03-20,2026-03-19,1,25
PO013823,ST026,MED013,2026-03-18,54,2026-03-21,2026-03-19,1,25
PO013825,ST026,MED026,2026-03-18,50,2026-03-21,2026-03-19,1,25
PO013317,ST039,MED007,2026-03-18,48,2026-03-20,2026-03-19,1,25
PO013758,ST010,MED018,2026-03-18,39,2026-03-20,2026-03-19,1,25
PO013767,ST012,MED010,2026-03-18,36,2026-03-19,2026-03-19,0,25
PO013451,ST027,MED010,2026-03-18,35,2026-03-21,2026-03-19,1,25
PO013318,ST039,MED008,2026-03-18,32,2026-03-21,2026-03-19,1,25
PO013749,ST008,MED023,2026-03-18,26,2026-03-19,2026-03-19,0,25
PO013877,ST038,MED013,2026-03-18,26,2026-03-19,2026-03-19,0,25
PO013671,ST032,MED018,2026-03-18,22,2026-03-19,2026-03-19,0,25
PO013576,ST011,MED020,2026-03-18,21,2026-03-21,2026-03-19,1,25
PO013567,ST009,MED025,2026-03-18,12,2026-03-19,2026-03-19,0,25
PO013466,ST030,MED019,2026-03-18,11,2026-03-21,2026-03-19,1,25
PO013373,ST007,MED025,2026-03-18,10,2026-03-19,2026-03-19,0,25
PO013751,ST009,MED001,2026-03-18,9,2026-03-20,2026-03-19,1,25
PO013537,ST003,MED007,2026-03-18,8,2026-03-21,2026-03-19,1,25
PO013497,ST036,MED008,2026-03-18,3,2026-03-21,2026-03-19,1,25
PO013558,ST007,MED028,2026-03-18,0,2026-03-21,2026-03-19,1,25
PO013871,ST036,MED018,2026-03-18,0,2026-03-20,2026-03-19,1,25
PO013447,ST026,MED017,2026-03-19,314,2026-03-22,2026-03-20,1,25
PO013684,ST034,MED021,2026-03-19,179,2026-03-21,2026-03-20,1,25
PO013961,ST020,MED017,2026-03-19,177,2026-03-20,2026-03-20,0,25
PO013514,ST038,MED027,2026-03-19,135,2026-03-21,2026-03-20,1,25
PO013878,ST039,MED001,2026-03-19,135,2026-03-22,2026-03-20,1,25
PO013489,ST034,MED023,2026-03-19,122,2026-03-21,2026-03-20,1,25
PO013580,ST012,MED012,2026-03-19,118,2026-03-20,2026-03-20,0,25
PO013731,ST004,MED005,2026-03-19,97,2026-03-21,2026-03-20,1,25
PO013798,ST019,MED021,2026-03-19,89,2026-03-20,2026-03-20,0,25
PO014026,ST034,MED011,2026-03-19,78,2026-03-21,2026-03-20,1,25
PO013363,ST006,MED013,2026-03-19,75,2026-03-22,2026-03-20,1,25
PO013511,ST038,MED015,2026-03-19,73,2026-03-21,2026-03-20,1,25
PO013714,ST040,MED010,2026-03-19,64,2026-03-20,2026-03-20,0,25
PO013457,ST029,MED002,2026-03-19,51,2026-03-20,2026-03-20,0,25
PO013757,ST010,MED015,2026-03-19,51,2026-03-22,2026-03-20,1,25
PO013387,ST011,MED026,2026-03-19,50,2026-03-22,2026-03-20,1,25
PO013452,ST027,MED018,2026-03-19,47,2026-03-20,2026-03-20,0,25
PO013564,ST009,MED005,2026-03-19,37,2026-03-22,2026-03-20,1,25
PO013405,ST016,MED004,2026-03-19,34,2026-03-22,2026-03-20,1,25
PO013745,ST006,MED010,2026-03-19,33,2026-03-20,2026-03-20,0,25
PO013720,ST001,MED005,2026-03-19,30,2026-03-22,2026-03-20,1,25
PO013518,ST039,MED009,2026-03-19,29,2026-03-22,2026-03-20,1,25
PO013940,ST015,MED011,2026-03-19,27,2026-03-20,2026-03-20,0,25
PO013643,ST026,MED006,2026-03-19,26,2026-03-22,2026-03-20,1,25
PO013563,ST008,MED025,2026-03-19,14,2026-03-22,2026-03-20,1,25
PO013935,ST014,MED006,2026-03-19,5,2026-03-21,2026-03-20,1,25
PO013431,ST022,MED004,2026-03-19,4,2026-03-22,2026-03-20,1,25
PO013626,ST021,MED023,2026-03-19,3,2026-03-20,2026-03-20,0,25
PO014042,ST037,MED018,2026-03-19,2,2026-03-20,2026-03-20,0,25
PO013851,ST033,MED002,2026-03-20,202,2026-03-22,2026-03-21,1,25
PO013983,ST025,MED017,2026-03-20,153,2026-03-21,2026-03-21,0,25
PO013718,ST040,MED023,2026-03-20,102,2026-03-21,2026-03-21,0,25
PO013678,ST034,MED001,2026-03-20,100,2026-03-23,2026-03-21,1,25
PO013623,ST020,MED029,2026-03-20,70,2026-03-22,2026-03-21,1,25
PO014076,ST008,MED017,2026-03-20,63,2026-03-23,2026-03-21,1,25
PO013797,ST019,MED013,2026-03-20,50,2026-03-23,2026-03-21,1,25
PO014171,ST034,MED004,2026-03-20,36,2026-03-23,2026-03-21,1,25
PO013538,ST003,MED010,2026-03-20,28,2026-03-23,2026-03-21,1,25
PO014164,ST032,MED003,2026-03-20,28,2026-03-21,2026-03-21,0,25
PO013602,ST016,MED021,2026-03-20,25,2026-03-22,2026-03-21,1,25
PO013984,ST025,MED018,2026-03-20,24,2026-03-21,2026-03-21,0,25
PO013554,ST007,MED001,2026-03-20,20,2026-03-22,2026-03-21,1,25
PO013870,ST036,MED010,2026-03-20,14,2026-03-22,2026-03-21,1,25
PO013822,ST026,MED003,2026-03-20,13,2026-03-22,2026-03-21,1,25
PO013590,ST014,MED007,2026-03-20,1,2026-03-21,2026-03-21,0,25
PO014004,ST028,MED011,2026-03-20,0,2026-03-23,2026-03-21,1,25
PO014206,ST005,MED004,2026-03-21,124,2026-03-24,2026-03-22,1,25
PO013952,ST018,MED015,2026-03-21,109,2026-03-23,2026-03-22,1,25
PO013923,ST010,MED016,2026-03-21,75,2026-03-22,2026-03-22,0,25
PO014153,ST029,MED017,2026-03-21,71,2026-03-23,2026-03-22,1,25
PO013775,ST013,MED028,2026-03-21,69,2026-03-23,2026-03-22,1,25
PO014322,ST027,MED030,2026-03-21,65,2026-03-22,2026-03-22,0,25
PO014138,ST025,MED001,2026-03-21,64,2026-03-23,2026-03-22,1,25
PO014172,ST034,MED007,2026-03-21,56,2026-03-24,2026-03-22,1,25
PO013894,ST003,MED026,2026-03-21,46,2026-03-24,2026-03-22,1,25
PO014140,ST025,MED004,2026-03-21,45,2026-03-24,2026-03-22,1,25
PO013882,ST040,MED025,2026-03-21,36,2026-03-22,2026-03-22,0,25
PO013752,ST009,MED021,2026-03-21,28,2026-03-23,2026-03-22,1,25
PO014115,ST018,MED010,2026-03-21,25,2026-03-23,2026-03-22,1,25
PO014089,ST011,MED028,2026-03-21,23,2026-03-23,2026-03-22,1,25
PO013957,ST019,MED019,2026-03-21,19,2026-03-23,2026-03-22,1,25
PO013953,ST018,MED025,2026-03-21,18,2026-03-22,2026-03-22,0,25
PO014044,ST037,MED029,2026-03-21,7,2026-03-24,2026-03-22,1,25
PO014010,ST030,MED010,2026-03-21,6,2026-03-22,2026-03-22,0,25
PO013724,ST002,MED017,2026-03-21,3,2026-03-23,2026-03-22,1,25
PO014361,ST040,MED019,2026-03-21,2,2026-03-24,2026-03-22,1,25
PO014158,ST030,MED020,2026-03-21,1,2026-03-24,2026-03-22,1,25
PO014167,ST032,MED026,2026-03-22,185,2026-03-23,2026-03-23,0,25
PO014386,ST006,MED026,2026-03-22,144,2026-03-25,2026-03-23,1,25
PO014216,ST006,MED021,2026-03-22,114,2026-03-25,2026-03-23,1,25
PO014024,ST033,MED027,2026-03-22,105,2026-03-24,2026-03-23,1,25
PO014239,ST011,MED011,2026-03-22,102,2026-03-25,2026-03-23,1,25
PO014246,ST012,MED022,2026-03-22,91,2026-03-24,2026-03-23,1,25
PO014528,ST040,MED009,2026-03-22,87,2026-03-25,2026-03-23,1,25
PO014094,ST012,MED026,2026-03-22,83,2026-03-23,2026-03-23,0,25
PO014202,ST004,MED015,2026-03-22,62,2026-03-25,2026-03-23,1,25
PO014205,ST004,MED024,2026-03-22,58,2026-03-25,2026-03-23,1,25
PO013911,ST007,MED027,2026-03-22,54,2026-03-23,2026-03-23,0,25
PO014328,ST030,MED001,2026-03-22,38,2026-03-23,2026-03-23,0,25
PO014110,ST017,MED021,2026-03-22,35,2026-03-24,2026-03-23,1,25
PO014399,ST009,MED024,2026-03-22,32,2026-03-25,2026-03-23,1,25
PO013937,ST014,MED015,2026-03-22,27,2026-03-24,2026-03-23,1,25
PO014456,ST024,MED028,2026-03-22,22,2026-03-25,2026-03-23,1,25
PO014061,ST003,MED028,2026-03-22,18,2026-03-25,2026-03-23,1,25
PO014277,ST019,MED014,2026-03-22,13,2026-03-23,2026-03-23,0,25
PO014132,ST023,MED024,2026-03-22,7,2026-03-24,2026-03-23,1,25
PO013939,ST015,MED005,2026-03-22,1,2026-03-23,2026-03-23,0,25
PO014034,ST035,MED025,2026-03-22,0,2026-03-25,2026-03-23,1,25
PO014469,ST027,MED016,2026-03-23,148,2026-03-26,2026-03-24,1,25
PO014285,ST020,MED022,2026-03-23,123,2026-03-26,2026-03-24,1,25
PO014162,ST031,MED026,2026-03-23,93,2026-03-25,2026-03-24,1,25
PO014494,ST032,MED029,2026-03-23,65,2026-03-26,2026-03-24,1,25
PO014240,ST011,MED015,2026-03-23,55,2026-03-26,2026-03-24,1,25
PO014433,ST017,MED023,2026-03-23,54,2026-03-25,2026-03-24,1,25
PO014428,ST016,MED020,2026-03-23,49,2026-03-24,2026-03-24,0,25
PO014714,ST032,MED007,2026-03-23,46,2026-03-24,2026-03-24,0,25
PO014375,ST004,MED004,2026-03-23,33,2026-03-24,2026-03-24,0,25
PO014435,ST018,MED019,2026-03-23,20,2026-03-24,2026-03-24,0,25
PO014538,ST002,MED010,2026-03-23,20,2026-03-26,2026-03-24,1,25
PO014418,ST014,MED017,2026-03-23,10,2026-03-25,2026-03-24,1,25
PO014388,ST007,MED014,2026-03-23,5,2026-03-25,2026-03-24,1,25
PO014502,ST035,MED010,2026-03-23,0,2026-03-24,2026-03-24,0,25
PO014763,ST040,MED027,2026-03-24,227,2026-03-27,2026-03-25,1,25
PO014500,ST034,MED005,2026-03-24,153,2026-03-26,2026-03-25,1,25
PO014875,ST025,MED017,2026-03-24,153,2026-03-27,2026-03-25,1,25
PO014531,ST040,MED021,2026-03-24,94,2026-03-26,2026-03-25,1,25
PO014927,ST034,MED006,2026-03-24,79,2026-03-27,2026-03-25,1,25
PO014297,ST023,MED006,2026-03-24,68,2026-03-25,2026-03-25,0,25
PO014748,ST037,MED022,2026-03-24,65,2026-03-27,2026-03-25,1,25
PO014776,ST003,MED006,2026-03-24,64,2026-03-27,2026-03-25,1,25
PO014362,ST040,MED029,2026-03-24,55,2026-03-27,2026-03-25,1,25
PO014862,ST022,MED002,2026-03-24,50,2026-03-27,2026-03-25,1,25
PO014463,ST026,MED018,2026-03-24,46,2026-03-27,2026-03-25,1,25
PO014420,ST015,MED002,2026-03-24,44,2026-03-27,2026-03-25,1,25
PO014210,ST005,MED028,2026-03-24,36,2026-03-25,2026-03-25,0,25
PO014402,ST010,MED022,2026-03-24,36,2026-03-25,2026-03-25,0,25
PO014590,ST010,MED002,2026-03-24,28,2026-03-25,2026-03-25,0,25
PO014958,ST039,MED019,2026-03-24,25,2026-03-25,2026-03-25,0,25
PO014329,ST030,MED003,2026-03-24,21,2026-03-25,2026-03-25,0,25
PO014704,ST030,MED024,2026-03-24,20,2026-03-26,2026-03-25,1,25
PO014928,ST034,MED008,2026-03-24,14,2026-03-27,2026-03-25,1,25
PO014709,ST031,MED016,2026-03-24,4,2026-03-25,2026-03-25,0,25
PO014544,ST002,MED030,2026-03-24,2,2026-03-25,2026-03-25,0,25
PO014346,ST036,MED011,2026-03-24,1,2026-03-26,2026-03-25,1,25
PO014419,ST014,MED030,2026-03-24,0,2026-03-25,2026-03-25,0,25
PO014479,ST029,MED016,2026-03-24,0,2026-03-25,2026-03-25,0,25
PO014627,ST015,MED009,2026-03-24,0,2026-03-25,2026-03-25,0,25
PO014444,ST020,MED012,2026-03-25,199,2026-03-26,2026-03-26,0,25
PO014939,ST034,MED027,2026-03-25,168,2026-03-27,2026-03-26,1,25
PO014916,ST033,MED006,2026-03-25,116,2026-03-28,2026-03-26,1,25
PO014923,ST033,MED023,2026-03-25,112,2026-03-27,2026-03-26,1,25
PO014881,ST026,MED020,2026-03-25,107,2026-03-26,2026-03-26,0,25
PO014466,ST026,MED029,2026-03-25,101,2026-03-27,2026-03-26,1,25
PO014606,ST012,MED006,2026-03-25,76,2026-03-28,2026-03-26,1,25
PO014822,ST013,MED020,2026-03-25,64,2026-03-27,2026-03-26,1,25
PO014883,ST027,MED004,2026-03-25,63,2026-03-27,2026-03-26,1,25
PO014559,ST005,MED001,2026-03-25,62,2026-03-28,2026-03-26,1,25
PO014751,ST038,MED029,2026-03-25,51,2026-03-28,2026-03-26,1,25
PO014442,ST019,MED023,2026-03-25,48,2026-03-27,2026-03-26,1,25
PO014926,ST034,MED003,2026-03-25,48,2026-03-27,2026-03-26,1,25
PO014651,ST020,MED007,2026-03-25,44,2026-03-27,2026-03-26,1,25
PO014718,ST032,MED025,2026-03-25,40,2026-03-27,2026-03-26,1,25
PO014820,ST013,MED008,2026-03-25,40,2026-03-28,2026-03-26,1,25
PO015102,ST031,MED019,2026-03-25,37,2026-03-26,2026-03-26,0,25
PO014885,ST027,MED010,2026-03-25,35,2026-03-28,2026-03-26,1,25
PO014432,ST017,MED019,2026-03-25,17,2026-03-28,2026-03-26,1,25
PO014951,ST037,MED025,2026-03-25,17,2026-03-26,2026-03-26,0,25
PO014639,ST018,MED014,2026-03-25,10,2026-03-28,2026-03-26,1,25
PO014698,ST029,MED010,2026-03-25,8,2026-03-28,2026-03-26,1,25
PO014769,ST001,MED019,2026-03-25,7,2026-03-26,2026-03-26,0,25
PO014482,ST030,MED006,2026-03-25,5,2026-03-28,2026-03-26,1,25
PO015250,ST027,MED021,2026-03-26,178,2026-03-28,2026-03-27,1,25
PO015282,ST039,MED001,2026-03-26,135,2026-03-29,2026-03-27,1,25
PO014610,ST012,MED012,2026-03-26,118,2026-03-29,2026-03-27,1,25
PO015212,ST019,MED026,2026-03-26,109,2026-03-29,2026-03-27,1,25
PO014765,ST001,MED002,2026-03-26,102,2026-03-28,2026-03-27,1,25
PO015041,ST017,MED011,2026-03-26,86,2026-03-28,2026-03-27,1,25
PO015146,ST002,MED022,2026-03-26,75,2026-03-27,2026-03-27,0,25
PO015207,ST018,MED021,2026-03-26,54,2026-03-29,2026-03-27,1,25
PO015231,ST023,MED017,2026-03-26,53,2026-03-27,2026-03-27,0,25
PO015264,ST032,MED011,2026-03-26,48,2026-03-29,2026-03-27,1,25
PO015170,ST010,MED005,2026-03-26,47,2026-03-27,2026-03-27,0,25
PO014548,ST003,MED005,2026-03-26,46,2026-03-27,2026-03-27,0,25
PO014902,ST030,MED030,2026-03-26,41,2026-03-27,2026-03-27,0,25
PO015144,ST002,MED007,2026-03-26,33,2026-03-29,2026-03-27,1,25
PO014593,ST010,MED011,2026-03-26,31,2026-03-29,2026-03-27,1,25
PO014882,ST026,MED030,2026-03-26,19,2026-03-28,2026-03-27,1,25
PO015244,ST026,MED011,2026-03-26,19,2026-03-27,2026-03-27,0,25
PO015125,ST038,MED003,2026-03-26,15,2026-03-28,2026-03-27,1,25
PO014668,ST023,MED007,2026-03-26,12,2026-03-29,2026-03-27,1,25
PO014673,ST024,MED007,2026-03-26,12,2026-03-28,2026-03-27,1,25
PO014735,ST035,MED023,2026-03-26,9,2026-03-29,2026-03-27,1,25
PO014960,ST039,MED028,2026-03-26,9,2026-03-29,2026-03-27,1,25
PO014853,ST021,MED003,2026-03-26,4,2026-03-28,2026-03-27,1,25
PO014969,ST001,MED028,2026-03-26,4,2026-03-28,2026-03-27,1,25
PO015139,ST001,MED007,2026-03-26,3,2026-03-27,2026-03-27,0,25
PO015184,ST013,MED002,2026-03-27,211,2026-03-30,2026-03-28,1,25
PO015376,ST020,MED027,2026-03-27,201,2026-03-30,2026-03-28,1,25
PO014956,ST038,MED027,2026-03-27,135,2026-03-28,2026-03-28,0,25
PO015073,ST024,MED015,2026-03-27,108,2026-03-30,2026-03-28,1,25
PO015038,ST016,MED024,2026-03-27,101,2026-03-29,2026-03-28,1,25
PO015079,ST025,MED022,2026-03-27,95,2026-03-28,2026-03-28,0,25
PO015120,ST036,MED012,2026-03-27,76,2026-03-29,2026-03-28,1,25
PO015341,ST013,MED028,2026-03-27,69,2026-03-29,2026-03-28,1,25
PO014865,ST023,MED004,2026-03-27,51,2026-03-29,2026-03-28,1,25
PO015178,ST012,MED015,2026-03-27,51,2026-03-30,2026-03-28,1,25
PO015175,ST011,MED026,2026-03-27,50,2026-03-28,2026-03-28,0,25
PO014979,ST004,MED006,2026-03-27,47,2026-03-29,2026-03-28,1,25
PO014982,ST004,MED016,2026-03-27,45,2026-03-30,2026-03-28,1,25
PO015463,ST040,MED024,2026-03-27,45,2026-03-30,2026-03-28,1,25
PO015361,ST018,MED024,2026-03-27,37,2026-03-29,2026-03-28,1,25
PO014890,ST028,MED001,2026-03-27,36,2026-03-28,2026-03-28,0,25
PO015238,ST024,MED009,2026-03-27,35,2026-03-28,2026-03-28,0,25
PO014847,ST019,MED009,2026-03-27,33,2026-03-28,2026-03-28,0,25
PO015066,ST022,MED029,2026-03-27,33,2026-03-30,2026-03-28,1,25
PO015356,ST017,MED030,2026-03-27,31,2026-03-29,2026-03-28,1,25
PO015422,ST030,MED028,2026-03-27,31,2026-03-30,2026-03-28,1,25
PO014980,ST004,MED010,2026-03-27,18,2026-03-29,2026-03-28,1,25
PO014836,ST017,MED003,2026-03-27,16,2026-03-30,2026-03-28,1,25
PO015296,ST002,MED014,2026-03-27,15,2026-03-29,2026-03-28,1,25
PO015322,ST009,MED028,2026-03-27,11,2026-03-28,2026-03-28,0,25
PO014894,ST028,MED024,2026-03-27,9,2026-03-29,2026-03-28,1,25
PO014970,ST001,MED030,2026-03-27,5,2026-03-29,2026-03-28,1,25
PO015437,ST035,MED009,2026-03-27,5,2026-03-28,2026-03-28,0,25
PO015164,ST008,MED021,2026-03-27,3,2026-03-29,2026-03-28,1,25
PO015507,ST012,MED001,2026-03-28,100,2026-03-31,2026-03-29,1,25
PO015158,ST005,MED025,2026-03-28,72,2026-03-31,2026-03-29,1,25
PO015121,ST037,MED005,2026-03-28,64,2026-03-29,2026-03-29,0,25
PO015260,ST030,MED027,2026-03-28,59,2026-03-30,2026-03-29,1,25
PO014972,ST002,MED011,2026-03-28,58,2026-03-31,2026-03-29,1,25
PO015426,ST032,MED009,2026-03-28,58,2026-03-30,2026-03-29,1,25
PO015366,ST019,MED013,2026-03-28,50,2026-03-29,2026-03-29,0,25
PO014975,ST003,MED013,2026-03-28,49,2026-03-31,2026-03-29,1,25
PO015477,ST003,MED026,2026-03-28,46,2026-03-30,2026-03-29,1,25
PO015497,ST009,MED013,2026-03-28,38,2026-03-30,2026-03-29,1,25
PO015281,ST038,MED021,2026-03-28,28,2026-03-30,2026-03-29,1,25
PO015323,ST009,MED030,2026-03-28,25,2026-03-31,2026-03-29,1,25
PO015257,ST030,MED004,2026-03-28,24,2026-03-30,2026-03-29,1,25
PO015333,ST012,MED003,2026-03-28,24,2026-03-30,2026-03-29,1,25
PO015522,ST015,MED027,2026-03-28,23,2026-03-31,2026-03-29,1,25
PO015363,ST018,MED030,2026-03-28,16,2026-03-31,2026-03-29,1,25
PO015063,ST022,MED019,2026-03-28,15,2026-03-30,2026-03-29,1,25
PO015093,ST029,MED013,2026-03-28,10,2026-03-29,2026-03-29,0,25
PO015151,ST004,MED014,2026-03-28,10,2026-03-31,2026-03-29,1,25
PO015503,ST010,MED020,2026-03-28,10,2026-03-29,2026-03-29,0,25
PO014995,ST008,MED001,2026-03-28,7,2026-03-30,2026-03-29,1,25
PO015020,ST014,MED003,2026-03-28,0,2026-03-31,2026-03-29,1,25
PO015675,ST013,MED015,2026-03-29,307,2026-03-31,2026-03-30,1,25
PO015290,ST040,MED020,2026-03-29,67,2026-03-31,2026-03-30,1,25
PO015159,ST006,MED003,2026-03-29,44,2026-03-30,2026-03-30,0,25
PO015289,ST040,MED016,2026-03-29,37,2026-04-01,2026-03-30,1,25
PO015639,ST006,MED014,2026-03-29,37,2026-04-01,2026-03-30,1,25
PO015294,ST002,MED005,2026-03-29,28,2026-04-01,2026-03-30,1,25
PO015198,ST016,MED011,2026-03-29,24,2026-03-31,2026-03-30,1,25
PO015720,ST024,MED010,2026-03-29,22,2026-04-01,2026-03-30,1,25
PO015490,ST007,MED006,2026-03-29,5,2026-03-30,2026-03-30,0,25
PO015384,ST023,MED020,2026-03-29,3,2026-03-31,2026-03-30,1,25
PO015689,ST016,MED016,2026-03-29,3,2026-04-01,2026-03-30,1,25
PO015380,ST021,MED026,2026-03-29,2,2026-03-31,2026-03-30,1,25
PO015436,ST035,MED006,2026-03-29,2,2026-04-01,2026-03-30,1,25
PO015519,ST015,MED013,2026-03-29,2,2026-03-30,2026-03-30,0,25
PO015616,ST001,MED001,2026-03-29,2,2026-04-01,2026-03-30,1,25
PO015562,ST028,MED004,2026-03-29,0,2026-03-31,2026-03-30,1,25
PO015752,ST029,MED016,2026-03-29,0,2026-03-31,2026-03-30,1,25
PO015428,ST032,MED026,2026-03-30,185,2026-04-01,2026-03-31,1,25
PO015980,ST034,MED029,2026-03-30,140,2026-03-31,2026-03-31,0,25
PO015895,ST020,MED022,2026-03-30,123,2026-04-02,2026-03-31,1,25
PO015667,ST011,MED027,2026-03-30,119,2026-03-31,2026-03-31,0,25
PO015772,ST033,MED011,2026-03-30,96,2026-04-01,2026-03-31,1,25
PO015427,ST032,MED022,2026-03-30,87,2026-04-02,2026-03-31,1,25
PO016005,ST039,MED004,2026-03-30,83,2026-04-01,2026-03-31,1,25
PO015673,ST013,MED013,2026-03-30,82,2026-03-31,2026-03-31,0,25
PO015553,ST026,MED023,2026-03-30,66,2026-03-31,2026-03-31,0,25
PO015317,ST008,MED017,2026-03-30,63,2026-04-02,2026-03-31,1,25
PO015425,ST031,MED027,2026-03-30,62,2026-04-01,2026-03-31,1,25
PO015394,ST025,MED015,2026-03-30,58,2026-04-01,2026-03-31,1,25
PO015453,ST038,MED020,2026-03-30,52,2026-03-31,2026-03-31,0,25
PO015626,ST003,MED027,2026-03-30,51,2026-04-01,2026-03-31,1,25
PO015589,ST033,MED020,2026-03-30,41,2026-04-02,2026-03-31,1,25
PO015810,ST003,MED024,2026-03-30,40,2026-04-01,2026-03-31,1,25
PO015504,ST010,MED022,2026-03-30,36,2026-04-02,2026-03-31,1,25
PO015479,ST004,MED004,2026-03-30,33,2026-04-02,2026-03-31,1,25
PO015814,ST004,MED011,2026-03-30,32,2026-04-01,2026-03-31,1,25
PO015357,ST018,MED010,2026-03-30,25,2026-03-31,2026-03-31,0,25
PO015904,ST022,MED015,2026-03-30,21,2026-04-01,2026-03-31,1,25
PO015832,ST006,MED020,2026-03-30,18,2026-04-01,2026-03-31,1,25
PO015843,ST009,MED018,2026-03-30,17,2026-04-01,2026-03-31,1,25
PO015472,ST002,MED021,2026-03-30,16,2026-03-31,2026-03-31,0,25
PO015382,ST023,MED009,2026-03-30,12,2026-04-01,2026-03-31,1,25
PO015992,ST036,MED027,2026-03-30,11,2026-03-31,2026-03-31,0,25
PO015492,ST007,MED013,2026-03-30,2,2026-04-02,2026-03-31,1,25
PO015989,ST036,MED020,2026-03-30,1,2026-03-31,2026-03-31,0,25
PO015520,ST015,MED021,2026-03-30,0,2026-04-01,2026-03-31,1,25
PO015705,ST020,MED015,2026-03-31,180,2026-04-03,2026-04-01,1,25
PO015774,ST033,MED026,2026-03-31,143,2026-04-01,2026-04-01,0,25
PO015730,ST025,MED002,2026-03-31,138,2026-04-03,2026-04-01,1,25
PO016205,ST039,MED005,2026-03-31,127,2026-04-02,2026-04-01,1,25
PO015583,ST032,MED004,2026-03-31,116,2026-04-01,2026-04-01,0,25
PO015952,ST032,MED002,2026-03-31,109,2026-04-02,2026-04-01,1,25
PO015666,ST011,MED023,2026-03-31,97,2026-04-03,2026-04-01,1,25
PO016068,ST012,MED006,2026-03-31,76,2026-04-02,2026-04-01,1,25
PO016057,ST009,MED011,2026-03-31,73,2026-04-03,2026-04-01,1,25
PO015960,ST033,MED009,2026-03-31,67,2026-04-02,2026-04-01,1,25
PO016158,ST031,MED001,2026-03-31,61,2026-04-01,2026-04-01,0,25
PO015762,ST031,MED030,2026-03-31,53,2026-04-03,2026-04-01,1,25
PO015938,ST029,MED002,2026-03-31,51,2026-04-02,2026-04-01,1,25
PO016176,ST034,MED019,2026-03-31,48,2026-04-02,2026-04-01,1,25
PO015854,ST012,MED008,2026-03-31,40,2026-04-02,2026-04-01,1,25
PO015852,ST011,MED013,2026-03-31,38,2026-04-03,2026-04-01,1,25
PO015930,ST027,MED008,2026-03-31,34,2026-04-01,2026-04-01,0,25
PO015990,ST036,MED021,2026-03-31,31,2026-04-03,2026-04-01,1,25
PO015880,ST018,MED004,2026-03-31,28,2026-04-02,2026-04-01,1,25
PO015569,ST029,MED025,2026-03-31,25,2026-04-01,2026-04-01,0,25
PO016061,ST010,MED030,2026-03-31,24,2026-04-03,2026-04-01,1,25
PO015741,ST027,MED014,2026-03-31,20,2026-04-01,2026-04-01,0,25
PO015889,ST019,MED028,2026-03-31,20,2026-04-01,2026-04-01,0,25
PO015876,ST017,MED024,2026-03-31,19,2026-04-03,2026-04-01,1,25
PO016063,ST011,MED003,2026-03-31,16,2026-04-03,2026-04-01,1,25
PO015500,ST010,MED013,2026-03-31,15,2026-04-02,2026-04-01,1,25
PO015482,ST004,MED019,2026-03-31,14,2026-04-03,2026-04-01,1,25
PO015715,ST022,MED012,2026-03-31,14,2026-04-03,2026-04-01,1,25
PO016022,ST002,MED004,2026-03-31,13,2026-04-03,2026-04-01,1,25
PO015871,ST016,MED025,2026-03-31,10,2026-04-02,2026-04-01,1,25
PO016060,ST010,MED029,2026-03-31,10,2026-04-01,2026-04-01,0,25
PO015757,ST031,MED010,2026-03-31,8,2026-04-02,2026-04-01,1,25
PO015622,ST002,MED029,2026-03-31,4,2026-04-03,2026-04-01,1,25
PO015647,ST007,MED009,2026-03-31,3,2026-04-03,2026-04-01,1,25
PO015834,ST007,MED010,2026-03-31,2,2026-04-02,2026-04-01,1,25
PO015836,ST007,MED016,2026-03-31,2,2026-04-03,2026-04-01,1,25
PO016086,ST015,MED020,2026-03-31,1,2026-04-03,2026-04-01,1,25
PO015789,ST037,MED023,2026-03-31,0,2026-04-03,2026-04-01,1,25
PO016187,ST036,MED019,2026-03-31,0,2026-04-02,2026-04-01,1,25
PO016137,ST026,MED021,2026-04-01,133,2026-04-02,2026-04-02,0,25
PO015958,ST033,MED001,2026-04-01,117,2026-04-03,2026-04-02,1,25
PO015927,ST026,MED029,2026-04-01,101,2026-04-03,2026-04-02,1,25
PO016263,ST012,MED029,2026-04-01,97,2026-04-03,2026-04-02,1,25
PO015951,ST031,MED022,2026-04-01,82,2026-04-03,2026-04-02,1,25
PO015970,ST034,MED006,2026-04-01,79,2026-04-03,2026-04-02,1,25
PO016354,ST038,MED011,2026-04-01,64,2026-04-03,2026-04-02,1,25
PO016367,ST040,MED014,2026-04-01,64,2026-04-02,2026-04-02,0,25
PO016030,ST003,MED018,2026-04-01,61,2026-04-03,2026-04-02,1,25
PO015792,ST039,MED024,2026-04-01,60,2026-04-04,2026-04-02,1,25
PO016141,ST027,MED007,2026-04-01,54,2026-04-02,2026-04-02,0,25
PO016008,ST039,MED021,2026-04-01,48,2026-04-03,2026-04-02,1,25
PO015625,ST003,MED025,2026-04-01,47,2026-04-02,2026-04-02,0,25
PO015653,ST009,MED012,2026-04-01,44,2026-04-04,2026-04-02,1,25
PO015885,ST019,MED007,2026-04-01,42,2026-04-04,2026-04-02,1,25
PO015844,ST009,MED022,2026-04-01,39,2026-04-03,2026-04-02,1,25
PO016123,ST024,MED004,2026-04-01,38,2026-04-03,2026-04-02,1,25
PO015718,ST024,MED001,2026-04-01,32,2026-04-04,2026-04-02,1,25
PO016328,ST028,MED015,2026-04-01,12,2026-04-03,2026-04-02,1,25
PO016045,ST007,MED025,2026-04-01,10,2026-04-04,2026-04-02,1,25
PO016095,ST017,MED013,2026-04-01,7,2026-04-03,2026-04-02,1,25
PO016182,ST035,MED022,2026-04-01,7,2026-04-04,2026-04-02,1,25
PO015998,ST037,MED016,2026-04-01,4,2026-04-03,2026-04-02,1,25
PO016002,ST038,MED005,2026-04-01,1,2026-04-02,2026-04-02,0,25
PO016184,ST036,MED004,2026-04-01,1,2026-04-03,2026-04-02,1,25
PO015912,ST023,MED015,2026-04-01,0,2026-04-03,2026-04-02,1,25
PO016085,ST015,MED019,2026-04-01,0,2026-04-02,2026-04-02,0,25
PO016277,ST016,MED023,2026-04-01,0,2026-04-02,2026-04-02,0,25
PO016484,ST027,MED027,2026-04-02,217,2026-04-05,2026-04-03,1,25
PO016259,ST012,MED021,2026-04-02,166,2026-04-03,2026-04-03,0,25
PO015976,ST034,MED024,2026-04-02,126,2026-04-04,2026-04-03,1,25
PO016421,ST013,MED009,2026-04-02,111,2026-04-04,2026-04-03,1,25
PO016295,ST019,MED026,2026-04-02,109,2026-04-05,2026-04-03,1,25
PO016530,ST039,MED027,2026-04-02,106,2026-04-05,2026-04-03,1,25
PO016226,ST005,MED005,2026-04-02,105,2026-04-03,2026-04-03,0,25
PO015860,ST013,MED029,2026-04-02,101,2026-04-05,2026-04-03,1,25
PO016294,ST019,MED025,2026-04-02,66,2026-04-03,2026-04-03,0,25
PO016165,ST032,MED029,2026-04-02,65,2026-04-05,2026-04-03,1,25
PO015849,ST010,MED015,2026-04-02,51,2026-04-05,2026-04-03,1,25
PO015817,ST004,MED028,2026-04-02,50,2026-04-04,2026-04-03,1,25
PO016443,ST019,MED020,2026-04-02,44,2026-04-05,2026-04-03,1,25
PO016149,ST028,MED012,2026-04-02,25,2026-04-05,2026-04-03,1,25
PO016274,ST016,MED017,2026-04-02,24,2026-04-03,2026-04-03,0,25
PO015966,ST033,MED030,2026-04-02,23,2026-04-03,2026-04-03,0,25
PO016240,ST008,MED007,2026-04-02,22,2026-04-05,2026-04-03,1,25
PO015818,ST004,MED030,2026-04-02,11,2026-04-03,2026-04-03,0,25
PO016120,ST023,MED005,2026-04-02,7,2026-04-04,2026-04-03,1,25
PO016314,ST023,MED023,2026-04-02,7,2026-04-04,2026-04-03,1,25
PO016056,ST009,MED010,2026-04-02,1,2026-04-05,2026-04-03,1,25
PO016393,ST008,MED003,2026-04-02,1,2026-04-04,2026-04-03,1,25
PO016097,ST017,MED029,2026-04-02,0,2026-04-04,2026-04-03,1,25
PO016179,ST035,MED015,2026-04-02,0,2026-04-05,2026-04-03,1,25
PO016209,ST040,MED027,2026-04-03,227,2026-04-05,2026-04-04,1,25
PO016417,ST012,MED024,2026-04-03,153,2026-04-05,2026-04-04,1,25
PO016538,ST040,MED026,2026-04-03,151,2026-04-05,2026-04-04,1,25
PO016617,ST019,MED002,2026-04-03,141,2026-04-04,2026-04-04,0,25
PO016563,ST006,MED001,2026-04-03,140,2026-04-04,2026-04-04,0,25
PO016590,ST011,MED027,2026-04-03,119,2026-04-06,2026-04-04,1,25
PO016168,ST033,MED006,2026-04-03,116,2026-04-06,2026-04-04,1,25
PO016389,ST006,MED021,2026-04-03,114,2026-04-04,2026-04-04,0,25
PO016475,ST026,MED001,2026-04-03,107,2026-04-06,2026-04-04,1,25
PO016701,ST040,MED009,2026-04-03,87,2026-04-05,2026-04-04,1,25
PO016109,ST020,MED001,2026-04-03,85,2026-04-05,2026-04-04,1,25
PO016596,ST013,MED013,2026-04-03,82,2026-04-04,2026-04-04,0,25
PO016509,ST034,MED011,2026-04-03,78,2026-04-06,2026-04-04,1,25
PO016595,ST013,MED005,2026-04-03,74,2026-04-05,2026-04-04,1,25
PO016131,ST025,MED023,2026-04-03,63,2026-04-04,2026-04-04,0,25
PO016214,ST002,MED027,2026-04-03,63,2026-04-04,2026-04-04,0,25
PO016691,ST038,MED004,2026-04-03,52,2026-04-06,2026-04-04,1,25
PO016256,ST011,MED026,2026-04-03,50,2026-04-04,2026-04-04,0,25
PO016249,ST010,MED005,2026-04-03,47,2026-04-05,2026-04-04,1,25
PO016668,ST032,MED010,2026-04-03,45,2026-04-05,2026-04-04,1,25
PO016315,ST023,MED026,2026-04-03,38,2026-04-05,2026-04-04,1,25
PO016399,ST009,MED015,2026-04-03,36,2026-04-05,2026-04-04,1,25
PO016316,ST024,MED009,2026-04-03,35,2026-04-04,2026-04-04,0,25
PO016531,ST040,MED001,2026-04-03,34,2026-04-05,2026-04-04,1,25
PO016551,ST004,MED001,2026-04-03,23,2026-04-04,2026-04-04,0,25
PO016609,ST017,MED019,2026-04-03,17,2026-04-06,2026-04-04,1,25
PO016616,ST018,MED030,2026-04-03,16,2026-04-05,2026-04-04,1,25
PO016345,ST035,MED014,2026-04-03,15,2026-04-05,2026-04-04,1,25
PO016608,ST016,MED019,2026-04-03,14,2026-04-06,2026-04-04,1,25
PO016539,ST001,MED008,2026-04-03,8,2026-04-06,2026-04-04,1,25
PO016334,ST030,MED006,2026-04-03,5,2026-04-05,2026-04-04,1,25
PO016088,ST015,MED028,2026-04-03,0,2026-04-06,2026-04-04,1,25
PO016392,ST007,MED030,2026-04-03,0,2026-04-05,2026-04-04,1,25
PO016792,ST020,MED026,2026-04-04,100,2026-04-07,2026-04-05,1,25
PO016280,ST017,MED012,2026-04-04,95,2026-04-07,2026-04-05,1,25
PO016876,ST039,MED026,2026-04-04,88,2026-04-07,2026-04-05,1,25
PO016746,ST011,MED012,2026-04-04,79,2026-04-07,2026-04-05,1,25
PO016669,ST032,MED012,2026-04-04,77,2026-04-07,2026-04-05,1,25
PO016355,ST038,MED015,2026-04-04,73,2026-04-05,2026-04-05,0,25
PO016261,ST012,MED025,2026-04-04,57,2026-04-06,2026-04-05,1,25
PO016774,ST017,MED004,2026-04-04,56,2026-04-06,2026-04-05,1,25
PO016807,ST023,MED029,2026-04-04,54,2026-04-05,2026-04-05,0,25
PO016325,ST027,MED010,2026-04-04,35,2026-04-07,2026-04-05,1,25
PO016805,ST023,MED012,2026-04-04,31,2026-04-06,2026-04-05,1,25
PO016216,ST003,MED008,2026-04-04,27,2026-04-06,2026-04-05,1,25
PO016740,ST009,MED023,2026-04-04,24,2026-04-07,2026-04-05,1,25
PO016331,ST029,MED026,2026-04-04,12,2026-04-05,2026-04-05,0,25
PO016708,ST001,MED029,2026-04-04,11,2026-04-07,2026-04-05,1,25
PO016569,ST007,MED021,2026-04-04,5,2026-04-05,2026-04-05,0,25
PO016769,ST016,MED001,2026-04-04,2,2026-04-07,2026-04-05,1,25
PO016481,ST027,MED012,2026-04-05,221,2026-04-08,2026-04-06,1,25
PO016700,ST040,MED002,2026-04-05,209,2026-04-06,2026-04-06,0,25
PO016385,ST005,MED017,2026-04-05,180,2026-04-06,2026-04-06,0,25
PO017006,ST032,MED027,2026-04-05,125,2026-04-08,2026-04-06,1,25
PO017009,ST033,MED015,2026-04-05,118,2026-04-07,2026-04-06,1,25
PO016638,ST024,MED021,2026-04-05,115,2026-04-07,2026-04-06,1,25
PO016388,ST006,MED006,2026-04-05,99,2026-04-07,2026-04-06,1,25
PO016672,ST033,MED012,2026-04-05,47,2026-04-07,2026-04-06,1,25
PO016890,ST003,MED025,2026-04-05,47,2026-04-07,2026-04-06,1,25
PO016557,ST004,MED029,2026-04-05,45,2026-04-07,2026-04-06,1,25
PO017025,ST036,MED017,2026-04-05,39,2026-04-08,2026-04-06,1,25
PO016485,ST028,MED001,2026-04-05,36,2026-04-06,2026-04-06,0,25
PO016849,ST032,MED006,2026-04-05,31,2026-04-06,2026-04-06,0,25
PO016469,ST024,MED022,2026-04-05,30,2026-04-07,2026-04-06,1,25
PO016880,ST001,MED010,2026-04-05,27,2026-04-08,2026-04-06,1,25
PO016372,ST001,MED023,2026-04-05,26,2026-04-06,2026-04-06,0,25
PO016914,ST010,MED004,2026-04-05,23,2026-04-08,2026-04-06,1,25
PO017008,ST033,MED003,2026-04-05,22,2026-04-06,2026-04-06,0,25
PO016877,ST040,MED008,2026-04-05,19,2026-04-08,2026-04-06,1,25
PO016411,ST011,MED018,2026-04-05,14,2026-04-06,2026-04-06,0,25
PO016940,ST016,MED029,2026-04-05,14,2026-04-08,2026-04-06,1,25
PO016513,ST035,MED027,2026-04-05,11,2026-04-07,2026-04-06,1,25
PO016960,ST024,MED008,2026-04-05,11,2026-04-08,2026-04-06,1,25
PO016997,ST031,MED006,2026-04-05,11,2026-04-08,2026-04-06,1,25
PO016632,ST023,MED018,2026-04-05,9,2026-04-07,2026-04-06,1,25
PO016662,ST030,MED026,2026-04-05,8,2026-04-08,2026-04-06,1,25
PO016633,ST023,MED024,2026-04-05,7,2026-04-06,2026-04-06,0,25
PO016935,ST016,MED014,2026-04-05,2,2026-04-08,2026-04-06,1,25
PO016888,ST003,MED014,2026-04-05,0,2026-04-06,2026-04-06,0,25
PO016593,ST013,MED002,2026-04-06,211,2026-04-07,2026-04-07,0,25
PO017007,ST033,MED002,2026-04-06,202,2026-04-07,2026-04-07,0,25
PO016950,ST019,MED017,2026-04-06,176,2026-04-09,2026-04-07,1,25
PO016559,ST005,MED004,2026-04-06,124,2026-04-09,2026-04-07,1,25
PO017158,ST024,MED012,2026-04-06,116,2026-04-07,2026-04-07,0,25
PO016852,ST032,MED017,2026-04-06,113,2026-04-09,2026-04-07,1,25
PO017122,ST018,MED015,2026-04-06,109,2026-04-07,2026-04-07,0,25
PO016560,ST005,MED006,2026-04-06,95,2026-04-08,2026-04-07,1,25
PO016561,ST005,MED025,2026-04-06,72,2026-04-07,2026-04-07,0,25
PO016554,ST004,MED015,2026-04-06,62,2026-04-09,2026-04-07,1,25
PO016667,ST032,MED009,2026-04-06,58,2026-04-07,2026-04-07,0,25
PO017240,ST040,MED029,2026-04-06,55,2026-04-07,2026-04-07,0,25
PO016961,ST024,MED013,2026-04-06,28,2026-04-09,2026-04-07,1,25
PO016992,ST029,MED027,2026-04-06,28,2026-04-07,2026-04-07,0,25
PO017146,ST022,MED005,2026-04-06,22,2026-04-09,2026-04-07,1,25
PO016586,ST011,MED014,2026-04-06,21,2026-04-07,2026-04-07,0,25
PO017086,ST009,MED018,2026-04-06,17,2026-04-08,2026-04-07,1,25
PO016796,ST021,MED002,2026-04-06,15,2026-04-07,2026-04-07,0,25
PO016583,ST010,MED020,2026-04-06,10,2026-04-09,2026-04-07,1,25
PO016798,ST022,MED007,2026-04-06,10,2026-04-08,2026-04-07,1,25
PO016990,ST029,MED020,2026-04-06,4,2026-04-07,2026-04-07,0,25
PO017181,ST028,MED003,2026-04-06,3,2026-04-08,2026-04-07,1,25
PO016830,ST028,MED018,2026-04-06,0,2026-04-08,2026-04-07,1,25
PO016926,ST014,MED013,2026-04-06,0,2026-04-08,2026-04-07,1,25
PO017000,ST032,MED002,2026-04-07,109,2026-04-09,2026-04-08,1,25
PO017098,ST013,MED016,2026-04-07,107,2026-04-09,2026-04-08,1,25
PO016856,ST033,MED004,2026-04-07,104,2026-04-09,2026-04-08,1,25
PO017407,ST034,MED001,2026-04-07,100,2026-04-08,2026-04-08,0,25
PO016902,ST005,MED023,2026-04-07,99,2026-04-09,2026-04-08,1,25
PO016891,ST003,MED029,2026-04-07,95,2026-04-09,2026-04-08,1,25
PO017318,ST013,MED023,2026-04-07,83,2026-04-09,2026-04-08,1,25
PO017099,ST013,MED020,2026-04-07,64,2026-04-09,2026-04-08,1,25
PO016844,ST030,MED027,2026-04-07,59,2026-04-09,2026-04-08,1,25
PO017058,ST002,MED023,2026-04-07,55,2026-04-08,2026-04-08,0,25
PO017259,ST004,MED020,2026-04-07,51,2026-04-10,2026-04-08,1,25
PO016789,ST019,MED023,2026-04-07,48,2026-04-08,2026-04-08,0,25
PO016786,ST019,MED008,2026-04-07,47,2026-04-09,2026-04-08,1,25
PO017377,ST025,MED030,2026-04-07,44,2026-04-10,2026-04-08,1,25
PO016900,ST005,MED020,2026-04-07,41,2026-04-08,2026-04-08,0,25
PO016748,ST012,MED010,2026-04-07,36,2026-04-09,2026-04-08,1,25
PO017329,ST016,MED004,2026-04-07,34,2026-04-08,2026-04-08,0,25
PO016883,ST002,MED018,2026-04-07,31,2026-04-08,2026-04-08,0,25
PO017170,ST026,MED030,2026-04-07,19,2026-04-08,2026-04-08,0,25
PO017141,ST021,MED004,2026-04-07,10,2026-04-08,2026-04-08,0,25
PO016867,ST036,MED003,2026-04-07,6,2026-04-08,2026-04-08,0,25
PO016882,ST001,MED021,2026-04-07,6,2026-04-08,2026-04-08,0,25
PO017417,ST035,MED030,2026-04-07,4,2026-04-08,2026-04-08,0,25
PO017023,ST036,MED008,2026-04-07,3,2026-04-10,2026-04-08,1,25
PO017035,ST037,MED018,2026-04-07,2,2026-04-09,2026-04-08,1,25
PO017218,ST035,MED006,2026-04-07,2,2026-04-08,2026-04-08,0,25
PO016841,ST030,MED020,2026-04-07,1,2026-04-10,2026-04-08,1,25
PO017325,ST014,MED030,2026-04-07,0,2026-04-10,2026-04-08,1,25
PO017441,ST040,MED017,2026-04-08,201,2026-04-10,2026-04-09,1,25
PO017134,ST020,MED002,2026-04-08,141,2026-04-11,2026-04-09,1,25
PO017291,ST010,MED001,2026-04-08,94,2026-04-09,2026-04-09,0,25
PO017121,ST018,MED011,2026-04-08,84,2026-04-10,2026-04-09,1,25
PO017546,ST024,MED023,2026-04-08,72,2026-04-10,2026-04-09,1,25
PO017106,ST015,MED012,2026-04-08,60,2026-04-10,2026-04-09,1,25
PO017119,ST018,MED004,2026-04-08,28,2026-04-10,2026-04-09,1,25
PO017107,ST016,MED013,2026-04-08,27,2026-04-10,2026-04-09,1,25
PO016886,ST003,MED004,2026-04-08,24,2026-04-10,2026-04-09,1,25
PO017248,ST002,MED026,2026-04-08,24,2026-04-11,2026-04-09,1,25
PO017149,ST022,MED020,2026-04-08,22,2026-04-11,2026-04-09,1,25
PO017343,ST019,MED028,2026-04-08,20,2026-04-11,2026-04-09,1,25
PO017037,ST037,MED026,2026-04-08,19,2026-04-10,2026-04-09,1,25
PO017209,ST034,MED008,2026-04-08,14,2026-04-09,2026-04-09,0,25
PO017029,ST036,MED027,2026-04-08,11,2026-04-10,2026-04-09,1,25
PO016937,ST016,MED025,2026-04-08,10,2026-04-10,2026-04-09,1,25
PO017063,ST004,MED014,2026-04-08,10,2026-04-11,2026-04-09,1,25
PO016932,ST015,MED013,2026-04-08,2,2026-04-09,2026-04-09,0,25
PO017508,ST015,MED025,2026-04-08,0,2026-04-11,2026-04-09,1,25
PO017674,ST013,MED027,2026-04-09,177,2026-04-12,2026-04-10,1,25
PO017523,ST019,MED002,2026-04-09,141,2026-04-10,2026-04-10,0,25
PO017295,ST011,MED002,2026-04-09,111,2026-04-12,2026-04-10,1,25
PO017660,ST011,MED011,2026-04-09,102,2026-04-12,2026-04-10,1,25
PO017131,ST019,MED015,2026-04-09,93,2026-04-11,2026-04-10,1,25
PO017619,ST002,MED022,2026-04-09,75,2026-04-12,2026-04-10,1,25
PO017129,ST019,MED010,2026-04-09,45,2026-04-12,2026-04-10,1,25
PO017602,ST039,MED010,2026-04-09,41,2026-04-12,2026-04-10,1,25
PO017246,ST002,MED007,2026-04-09,33,2026-04-11,2026-04-10,1,25
PO017394,ST030,MED028,2026-04-09,31,2026-04-10,2026-04-10,0,25
PO017289,ST009,MED021,2026-04-09,28,2026-04-12,2026-04-10,1,25
PO017436,ST040,MED003,2026-04-09,23,2026-04-11,2026-04-10,1,25
PO017148,ST022,MED012,2026-04-09,14,2026-04-11,2026-04-10,1,25
PO017243,ST001,MED009,2026-04-09,13,2026-04-11,2026-04-10,1,25
PO017051,ST001,MED012,2026-04-09,12,2026-04-12,2026-04-10,1,25
PO017561,ST028,MED015,2026-04-09,12,2026-04-11,2026-04-10,1,25
PO017475,ST009,MED010,2026-04-09,1,2026-04-10,2026-04-10,0,25
PO017506,ST015,MED020,2026-04-09,1,2026-04-11,2026-04-10,1,25
PO017349,ST020,MED017,2026-04-10,177,2026-04-13,2026-04-11,1,25
PO017526,ST019,MED024,2026-04-10,176,2026-04-12,2026-04-11,1,25
PO017461,ST005,MED015,2026-04-10,136,2026-04-11,2026-04-11,0,25
PO017804,ST006,MED023,2026-04-10,113,2026-04-12,2026-04-11,1,25
PO017515,ST016,MED024,2026-04-10,101,2026-04-13,2026-04-11,1,25
PO017260,ST004,MED021,2026-04-10,88,2026-04-11,2026-04-11,0,25
PO017517,ST017,MED011,2026-04-10,86,2026-04-11,2026-04-11,0,25
PO017790,ST004,MED026,2026-04-10,82,2026-04-12,2026-04-11,1,25
PO017266,ST005,MED022,2026-04-10,75,2026-04-12,2026-04-11,1,25
PO017579,ST033,MED007,2026-04-10,63,2026-04-12,2026-04-11,1,25
PO017608,ST039,MED024,2026-04-10,60,2026-04-11,2026-04-11,0,25
PO017398,ST031,MED017,2026-04-10,58,2026-04-13,2026-04-11,1,25
PO017391,ST030,MED012,2026-04-10,54,2026-04-11,2026-04-11,0,25
PO017887,ST026,MED013,2026-04-10,54,2026-04-11,2026-04-11,0,25
PO017667,ST012,MED030,2026-04-10,49,2026-04-13,2026-04-11,1,25
PO017909,ST032,MED001,2026-04-10,47,2026-04-13,2026-04-11,1,25
PO017839,ST015,MED022,2026-04-10,43,2026-04-11,2026-04-11,0,25
PO017290,ST009,MED022,2026-04-10,39,2026-04-12,2026-04-11,1,25
PO017334,ST017,MED030,2026-04-10,31,2026-04-13,2026-04-11,1,25
PO017643,ST008,MED007,2026-04-10,22,2026-04-12,2026-04-11,1,25
PO017284,ST008,MED027,2026-04-10,20,2026-04-13,2026-04-11,1,25
PO017383,ST027,MED014,2026-04-10,20,2026-04-11,2026-04-11,0,25
PO017906,ST030,MED022,2026-04-10,20,2026-04-13,2026-04-11,1,25
PO017282,ST008,MED024,2026-04-10,18,2026-04-12,2026-04-11,1,25
PO017522,ST018,MED030,2026-04-10,16,2026-04-11,2026-04-11,0,25
PO017646,ST008,MED025,2026-04-10,14,2026-04-13,2026-04-11,1,25
PO017728,ST029,MED026,2026-04-10,12,2026-04-11,2026-04-11,0,25
PO017710,ST024,MED006,2026-04-10,10,2026-04-12,2026-04-11,1,25
PO017549,ST025,MED003,2026-04-10,9,2026-04-11,2026-04-11,0,25
PO017861,ST021,MED007,2026-04-10,9,2026-04-13,2026-04-11,1,25
PO017322,ST014,MED011,2026-04-10,5,2026-04-11,2026-04-11,0,25
PO017359,ST021,MED016,2026-04-10,5,2026-04-12,2026-04-11,1,25
PO017276,ST007,MED015,2026-04-10,0,2026-04-12,2026-04-11,1,25
PO017468,ST007,MED020,2026-04-10,0,2026-04-13,2026-04-11,1,25
PO018033,ST020,MED027,2026-04-11,201,2026-04-14,2026-04-12,1,25
PO017459,ST005,MED013,2026-04-11,82,2026-04-13,2026-04-12,1,25
PO017914,ST032,MED024,2026-04-11,78,2026-04-12,2026-04-12,0,25
PO017525,ST019,MED007,2026-04-11,42,2026-04-12,2026-04-12,0,25
PO017823,ST011,MED016,2026-04-11,38,2026-04-14,2026-04-12,1,25
PO017548,ST024,MED030,2026-04-11,37,2026-04-13,2026-04-12,1,25
PO017558,ST028,MED002,2026-04-11,29,2026-04-13,2026-04-12,1,25
PO017788,ST003,MED030,2026-04-11,28,2026-04-14,2026-04-12,1,25
PO017818,ST010,MED002,2026-04-11,28,2026-04-13,2026-04-12,1,25
PO017682,ST016,MED028,2026-04-11,26,2026-04-14,2026-04-12,1,25
PO017594,ST038,MED007,2026-04-11,25,2026-04-14,2026-04-12,1,25
PO017901,ST029,MED012,2026-04-11,24,2026-04-14,2026-04-12,1,25
PO017691,ST019,MED018,2026-04-11,22,2026-04-12,2026-04-12,0,25
PO017907,ST030,MED023,2026-04-11,21,2026-04-14,2026-04-12,1,25
PO017530,ST021,MED027,2026-04-11,16,2026-04-13,2026-04-12,1,25
PO017793,ST005,MED019,2026-04-11,15,2026-04-13,2026-04-12,1,25
PO017448,ST002,MED020,2026-04-11,14,2026-04-13,2026-04-12,1,25
PO018006,ST015,MED015,2026-04-11,5,2026-04-14,2026-04-12,1,25
PO018040,ST023,MED008,2026-04-11,5,2026-04-12,2026-04-12,0,25
PO017649,ST009,MED006,2026-04-11,2,2026-04-14,2026-04-12,1,25
PO017755,ST035,MED005,2026-04-11,0,2026-04-13,2026-04-12,1,25
PO018083,ST031,MED024,2026-04-11,0,2026-04-13,2026-04-12,1,25
PO017806,ST006,MED027,2026-04-12,296,2026-04-15,2026-04-13,1,25
PO018250,ST027,MED024,2026-04-12,107,2026-04-13,2026-04-13,0,25
PO017945,ST040,MED011,2026-04-12,104,2026-04-13,2026-04-13,0,25
PO017910,ST032,MED005,2026-04-12,83,2026-04-13,2026-04-13,0,25
PO018093,ST033,MED009,2026-04-12,67,2026-04-14,2026-04-13,1,25
PO017718,ST026,MED023,2026-04-12,66,2026-04-13,2026-04-13,0,25
PO017733,ST031,MED002,2026-04-12,65,2026-04-14,2026-04-13,1,25
PO018249,ST027,MED013,2026-04-12,60,2026-04-15,2026-04-13,1,25
PO017742,ST032,MED009,2026-04-12,58,2026-04-14,2026-04-13,1,25
PO017850,ST018,MED022,2026-04-12,50,2026-04-14,2026-04-13,1,25
PO018270,ST033,MED013,2026-04-12,45,2026-04-14,2026-04-13,1,25
PO018094,ST033,MED019,2026-04-12,35,2026-04-14,2026-04-13,1,25
PO017899,ST028,MED007,2026-04-12,31,2026-04-14,2026-04-13,1,25
PO017731,ST030,MED011,2026-04-12,25,2026-04-13,2026-04-13,0,25
PO017905,ST030,MED003,2026-04-12,21,2026-04-15,2026-04-13,1,25
PO017884,ST026,MED002,2026-04-12,20,2026-04-15,2026-04-13,1,25
PO018239,ST026,MED014,2026-04-12,19,2026-04-14,2026-04-13,1,25
PO018160,ST008,MED019,2026-04-12,15,2026-04-15,2026-04-13,1,25
PO018220,ST022,MED007,2026-04-12,10,2026-04-14,2026-04-13,1,25
PO017972,ST007,MED007,2026-04-12,6,2026-04-15,2026-04-13,1,25
PO017973,ST007,MED012,2026-04-12,1,2026-04-13,2026-04-13,0,25
PO018157,ST008,MED006,2026-04-12,1,2026-04-15,2026-04-13,1,25
PO017640,ST007,MED004,2026-04-12,0,2026-04-15,2026-04-13,1,25
PO017889,ST026,MED017,2026-04-13,314,2026-04-15,2026-04-14,1,25
PO018045,ST024,MED017,2026-04-13,169,2026-04-15,2026-04-14,1,25
PO017879,ST025,MED017,2026-04-13,153,2026-04-16,2026-04-14,1,25
PO017803,ST006,MED022,2026-04-13,149,2026-04-15,2026-04-14,1,25
PO017801,ST006,MED011,2026-04-13,137,2026-04-15,2026-04-14,1,25
PO018058,ST026,MED021,2026-04-13,133,2026-04-16,2026-04-14,1,25
PO017965,ST005,MED006,2026-04-13,95,2026-04-14,2026-04-14,0,25
PO018209,ST020,MED004,2026-04-13,84,2026-04-15,2026-04-14,1,25
PO018098,ST034,MED006,2026-04-13,79,2026-04-14,2026-04-14,0,25
PO017969,ST006,MED013,2026-04-13,75,2026-04-14,2026-04-14,0,25
PO018051,ST025,MED021,2026-04-13,71,2026-04-16,2026-04-14,1,25
PO018174,ST013,MED020,2026-04-13,64,2026-04-15,2026-04-14,1,25
PO018300,ST040,MED010,2026-04-13,64,2026-04-15,2026-04-14,1,25
PO018441,ST031,MED004,2026-04-13,52,2026-04-15,2026-04-14,1,25
PO018386,ST019,MED008,2026-04-13,47,2026-04-14,2026-04-14,0,25
PO017827,ST012,MED019,2026-04-13,46,2026-04-16,2026-04-14,1,25
PO018390,ST020,MED003,2026-04-13,38,2026-04-16,2026-04-14,1,25
PO018235,ST025,MED005,2026-04-13,34,2026-04-15,2026-04-14,1,25
PO018376,ST018,MED009,2026-04-13,34,2026-04-14,2026-04-14,0,25
PO017821,ST011,MED006,2026-04-13,32,2026-04-16,2026-04-14,1,25
PO017828,ST012,MED028,2026-04-13,30,2026-04-15,2026-04-14,1,25
PO018383,ST018,MED029,2026-04-13,25,2026-04-15,2026-04-14,1,25
PO017840,ST016,MED011,2026-04-13,24,2026-04-15,2026-04-14,1,25
PO018286,ST037,MED010,2026-04-13,22,2026-04-16,2026-04-14,1,25
PO018176,ST014,MED004,2026-04-13,16,2026-04-16,2026-04-14,1,25
PO017815,ST009,MED019,2026-04-13,15,2026-04-15,2026-04-14,1,25
PO018017,ST016,MED029,2026-04-13,14,2026-04-15,2026-04-14,1,25
PO018404,ST023,MED009,2026-04-13,12,2026-04-14,2026-04-14,0,25
PO018071,ST028,MED024,2026-04-13,9,2026-04-15,2026-04-14,1,25
PO017809,ST007,MED008,2026-04-13,7,2026-04-15,2026-04-14,1,25
PO018444,ST031,MED016,2026-04-13,4,2026-04-14,2026-04-14,0,25
PO018467,ST035,MED007,2026-04-13,3,2026-04-14,2026-04-14,0,25
PO017927,ST036,MED004,2026-04-13,1,2026-04-15,2026-04-14,1,25
PO018116,ST038,MED005,2026-04-13,1,2026-04-15,2026-04-14,1,25
PO017865,ST022,MED016,2026-04-13,0,2026-04-15,2026-04-14,1,25
PO018002,ST014,MED013,2026-04-13,0,2026-04-14,2026-04-14,0,25
PO018435,ST029,MED029,2026-04-13,0,2026-04-14,2026-04-14,0,25
PO018103,ST034,MED022,2026-04-14,148,2026-04-17,2026-04-15,1,25
PO018204,ST019,MED011,2026-04-14,124,2026-04-15,2026-04-15,0,25
PO018173,ST013,MED016,2026-04-14,107,2026-04-16,2026-04-15,1,25
PO018569,ST017,MED011,2026-04-14,86,2026-04-16,2026-04-15,1,25
PO017987,ST010,MED027,2026-04-14,82,2026-04-16,2026-04-15,1,25
PO018066,ST027,MED029,2026-04-14,82,2026-04-17,2026-04-15,1,25
PO018050,ST025,MED020,2026-04-14,80,2026-04-17,2026-04-15,1,25
PO018556,ST013,MED005,2026-04-14,74,2026-04-15,2026-04-15,0,25
PO018437,ST030,MED027,2026-04-14,59,2026-04-16,2026-04-15,1,25
PO018189,ST017,MED001,2026-04-14,51,2026-04-15,2026-04-15,0,25
PO018423,ST027,MED018,2026-04-14,47,2026-04-16,2026-04-15,1,25
PO018020,ST017,MED021,2026-04-14,35,2026-04-15,2026-04-15,0,25
PO018340,ST009,MED004,2026-04-14,35,2026-04-17,2026-04-15,1,25
PO018143,ST004,MED008,2026-04-14,34,2026-04-16,2026-04-15,1,25
PO018332,ST006,MED028,2026-04-14,32,2026-04-17,2026-04-15,1,25
PO018400,ST022,MED025,2026-04-14,30,2026-04-17,2026-04-15,1,25
PO018112,ST037,MED013,2026-04-14,27,2026-04-15,2026-04-15,0,25
PO018186,ST016,MED021,2026-04-14,25,2026-04-15,2026-04-15,0,25
PO018079,ST030,MED007,2026-04-14,23,2026-04-17,2026-04-15,1,25
PO018195,ST017,MED024,2026-04-14,19,2026-04-16,2026-04-15,1,25
PO018188,ST016,MED030,2026-04-14,17,2026-04-17,2026-04-15,1,25
PO018639,ST035,MED014,2026-04-14,15,2026-04-15,2026-04-15,0,25
PO018428,ST028,MED022,2026-04-14,14,2026-04-15,2026-04-15,0,25
PO018418,ST026,MED003,2026-04-14,13,2026-04-17,2026-04-15,1,25
PO018407,ST023,MED018,2026-04-14,9,2026-04-15,2026-04-15,0,25
PO018076,ST029,MED010,2026-04-14,8,2026-04-15,2026-04-15,0,25
PO018127,ST001,MED008,2026-04-14,8,2026-04-17,2026-04-15,1,25
PO018080,ST030,MED010,2026-04-14,6,2026-04-16,2026-04-15,1,25
PO018009,ST015,MED026,2026-04-14,2,2026-04-17,2026-04-15,1,25
PO018640,ST035,MED016,2026-04-14,2,2026-04-17,2026-04-15,1,25
PO017978,ST008,MED009,2026-04-14,0,2026-04-16,2026-04-15,1,25
PO018222,ST022,MED018,2026-04-14,0,2026-04-15,2026-04-15,0,25
PO018299,ST040,MED005,2026-04-15,135,2026-04-18,2026-04-16,1,25
PO018697,ST006,MED006,2026-04-15,99,2026-04-18,2026-04-16,1,25
PO018812,ST031,MED009,2026-04-15,90,2026-04-17,2026-04-16,1,25
PO018460,ST034,MED016,2026-04-15,73,2026-04-18,2026-04-16,1,25
PO018478,ST038,MED011,2026-04-15,64,2026-04-17,2026-04-16,1,25
PO018322,ST005,MED001,2026-04-15,62,2026-04-18,2026-04-16,1,25
PO018449,ST032,MED015,2026-04-15,58,2026-04-16,2026-04-16,0,25
PO018636,ST034,MED019,2026-04-15,48,2026-04-17,2026-04-16,1,25
PO018688,ST005,MED010,2026-04-15,48,2026-04-18,2026-04-16,1,25
PO018749,ST016,MED006,2026-04-15,38,2026-04-17,2026-04-16,1,25
PO018791,ST026,MED010,2026-04-15,32,2026-04-16,2026-04-16,0,25
PO018778,ST023,MED012,2026-04-15,31,2026-04-18,2026-04-16,1,25
PO018849,ST039,MED016,2026-04-15,30,2026-04-18,2026-04-16,1,25
PO018804,ST028,MED026,2026-04-15,26,2026-04-18,2026-04-16,1,25
PO018379,ST018,MED018,2026-04-15,10,2026-04-18,2026-04-16,1,25
PO018641,ST035,MED022,2026-04-15,7,2026-04-16,2026-04-16,0,25
PO018217,ST021,MED025,2026-04-15,4,2026-04-16,2026-04-16,0,25
PO018290,ST038,MED016,2026-04-15,4,2026-04-17,2026-04-16,1,25
PO018773,ST021,MED013,2026-04-15,4,2026-04-17,2026-04-16,1,25
PO018368,ST015,MED013,2026-04-15,2,2026-04-18,2026-04-16,1,25
PO018466,ST035,MED006,2026-04-15,2,2026-04-16,2026-04-16,0,25
PO018562,ST014,MED030,2026-04-15,0,2026-04-16,2026-04-16,0,25
PO018520,ST005,MED015,2026-04-16,136,2026-04-18,2026-04-17,1,25
PO018942,ST024,MED015,2026-04-16,108,2026-04-19,2026-04-17,1,25
PO018775,ST022,MED017,2026-04-16,107,2026-04-17,2026-04-17,0,25
PO018488,ST039,MED027,2026-04-16,106,2026-04-18,2026-04-17,1,25
PO018991,ST034,MED015,2026-04-16,92,2026-04-18,2026-04-17,1,25
PO018443,ST031,MED012,2026-04-16,89,2026-04-19,2026-04-17,1,25
PO018516,ST004,MED021,2026-04-16,88,2026-04-18,2026-04-17,1,25
PO018574,ST017,MED027,2026-04-16,87,2026-04-19,2026-04-17,1,25
PO018854,ST002,MED022,2026-04-16,75,2026-04-18,2026-04-17,1,25
PO018453,ST033,MED010,2026-04-16,70,2026-04-19,2026-04-17,1,25
PO018519,ST005,MED009,2026-04-16,66,2026-04-18,2026-04-17,1,25
PO018861,ST003,MED018,2026-04-16,61,2026-04-19,2026-04-17,1,25
PO018821,ST033,MED012,2026-04-16,47,2026-04-19,2026-04-17,1,25
PO018899,ST011,MED010,2026-04-16,45,2026-04-17,2026-04-17,0,25
PO018698,ST006,MED014,2026-04-16,37,2026-04-17,2026-04-17,0,25
PO018669,ST040,MED028,2026-04-16,36,2026-04-19,2026-04-17,1,25
PO018707,ST009,MED017,2026-04-16,34,2026-04-18,2026-04-17,1,25
PO018865,ST004,MED011,2026-04-16,32,2026-04-17,2026-04-17,0,25
PO018883,ST007,MED022,2026-04-16,32,2026-04-18,2026-04-17,1,25
PO018685,ST004,MED013,2026-04-16,31,2026-04-18,2026-04-17,1,25
PO018317,ST003,MED010,2026-04-16,28,2026-04-19,2026-04-17,1,25
PO018401,ST022,MED026,2026-04-16,22,2026-04-18,2026-04-17,1,25
PO018504,ST002,MED013,2026-04-16,22,2026-04-17,2026-04-17,0,25
PO018380,ST018,MED019,2026-04-16,20,2026-04-19,2026-04-17,1,25
PO018934,ST022,MED021,2026-04-16,18,2026-04-19,2026-04-17,1,25
PO018459,ST034,MED008,2026-04-16,14,2026-04-17,2026-04-17,0,25
PO018594,ST022,MED012,2026-04-16,14,2026-04-18,2026-04-17,1,25
PO018858,ST003,MED003,2026-04-16,14,2026-04-17,2026-04-17,0,25
PO018430,ST029,MED004,2026-04-16,13,2026-04-17,2026-04-17,0,25
PO018971,ST030,MED018,2026-04-16,13,2026-04-17,2026-04-17,0,25
PO018968,ST029,MED026,2026-04-16,12,2026-04-18,2026-04-17,1,25
PO018541,ST010,MED020,2026-04-16,10,2026-04-17,2026-04-17,0,25
PO018567,ST016,MED025,2026-04-16,10,2026-04-18,2026-04-17,1,25
PO018814,ST031,MED025,2026-04-16,9,2026-04-17,2026-04-17,0,25
PO018882,ST007,MED018,2026-04-16,9,2026-04-17,2026-04-17,0,25
PO018986,ST033,MED014,2026-04-16,9,2026-04-19,2026-04-17,1,25
PO018586,ST021,MED001,2026-04-16,5,2026-04-18,2026-04-17,1,25
PO018842,ST037,MED028,2026-04-16,1,2026-04-17,2026-04-17,0,25
PO018962,ST028,MED018,2026-04-16,0,2026-04-17,2026-04-17,0,25
PO018928,ST020,MED021,2026-04-17,186,2026-04-19,2026-04-18,1,25
PO019175,ST034,MED024,2026-04-17,126,2026-04-18,2026-04-18,0,25
PO018686,ST004,MED017,2026-04-17,121,2026-04-19,2026-04-18,1,25
PO019170,ST033,MED001,2026-04-17,117,2026-04-20,2026-04-18,1,25
PO018901,ST011,MED012,2026-04-17,79,2026-04-18,2026-04-18,0,25
PO018908,ST013,MED028,2026-04-17,69,2026-04-18,2026-04-18,0,25
PO018538,ST010,MED012,2026-04-17,67,2026-04-19,2026-04-18,1,25
PO018801,ST027,MED030,2026-04-17,65,2026-04-19,2026-04-18,1,25
PO018604,ST025,MED023,2026-04-17,63,2026-04-18,2026-04-18,0,25
PO018795,ST027,MED004,2026-04-17,63,2026-04-19,2026-04-18,1,25
PO018977,ST031,MED027,2026-04-17,62,2026-04-19,2026-04-18,1,25
PO019031,ST003,MED023,2026-04-17,62,2026-04-18,2026-04-18,0,25
PO018625,ST030,MED021,2026-04-17,49,2026-04-19,2026-04-18,1,25
PO019165,ST032,MED011,2026-04-17,48,2026-04-20,2026-04-18,1,25
PO018664,ST040,MED001,2026-04-17,34,2026-04-20,2026-04-18,1,25
PO018896,ST010,MED002,2026-04-17,28,2026-04-18,2026-04-18,0,25
PO018887,ST008,MED007,2026-04-17,22,2026-04-18,2026-04-18,0,25
PO019089,ST016,MED003,2026-04-17,12,2026-04-19,2026-04-18,1,25
PO018527,ST007,MED006,2026-04-17,5,2026-04-18,2026-04-18,0,25
PO018802,ST028,MED003,2026-04-17,3,2026-04-20,2026-04-18,1,25
PO018734,ST014,MED009,2026-04-17,1,2026-04-20,2026-04-18,1,25
PO018745,ST015,MED025,2026-04-17,0,2026-04-18,2026-04-18,0,25
PO019302,ST026,MED017,2026-04-18,314,2026-04-20,2026-04-19,1,25
PO018927,ST020,MED012,2026-04-18,199,2026-04-20,2026-04-19,1,25
PO019019,ST040,MED026,2026-04-18,151,2026-04-21,2026-04-19,1,25
PO019194,ST039,MED012,2026-04-18,125,2026-04-21,2026-04-19,1,25
PO018800,ST027,MED023,2026-04-18,85,2026-04-19,2026-04-19,0,25
PO018988,ST034,MED006,2026-04-18,79,2026-04-21,2026-04-19,1,25
PO018966,ST029,MED017,2026-04-18,71,2026-04-19,2026-04-19,0,25
PO019235,ST009,MED026,2026-04-18,61,2026-04-19,2026-04-19,0,25
PO018721,ST011,MED015,2026-04-18,55,2026-04-21,2026-04-19,1,25
PO018793,ST026,MED015,2026-04-18,52,2026-04-20,2026-04-19,1,25
PO018774,ST022,MED002,2026-04-18,50,2026-04-21,2026-04-19,1,25
PO019267,ST018,MED008,2026-04-18,44,2026-04-21,2026-04-19,1,25
PO018913,ST015,MED022,2026-04-18,43,2026-04-19,2026-04-19,0,25
PO019023,ST002,MED002,2026-04-18,43,2026-04-20,2026-04-19,1,25
PO018782,ST024,MED009,2026-04-18,35,2026-04-21,2026-04-19,1,25
PO018947,ST025,MED019,2026-04-18,31,2026-04-19,2026-04-19,0,25
PO019208,ST002,MED005,2026-04-18,28,2026-04-21,2026-04-19,1,25
PO019328,ST032,MED003,2026-04-18,28,2026-04-21,2026-04-19,1,25
PO018681,ST004,MED001,2026-04-18,23,2026-04-21,2026-04-19,1,25
PO018879,ST007,MED001,2026-04-18,20,2026-04-21,2026-04-19,1,25
PO018760,ST018,MED030,2026-04-18,16,2026-04-19,2026-04-19,0,25
PO019040,ST005,MED003,2026-04-18,13,2026-04-20,2026-04-19,1,25
PO019035,ST004,MED014,2026-04-18,10,2026-04-20,2026-04-19,1,25
PO019255,ST014,MED025,2026-04-18,7,2026-04-19,2026-04-19,0,25
PO018970,ST030,MED013,2026-04-18,0,2026-04-21,2026-04-19,1,25
PO019530,ST040,MED027,2026-04-19,227,2026-04-22,2026-04-20,1,25
PO018876,ST006,MED009,2026-04-19,214,2026-04-22,2026-04-20,1,25
PO018984,ST033,MED002,2026-04-19,202,2026-04-22,2026-04-20,1,25
PO019443,ST020,MED002,2026-04-19,141,2026-04-21,2026-04-20,1,25
PO019100,ST018,MED006,2026-04-19,127,2026-04-20,2026-04-20,0,25
PO019248,ST013,MED009,2026-04-19,111,2026-04-22,2026-04-20,1,25
PO019470,ST025,MED021,2026-04-19,71,2026-04-20,2026-04-20,0,25
PO019489,ST032,MED015,2026-04-19,58,2026-04-22,2026-04-20,1,25
PO019069,ST012,MED025,2026-04-19,57,2026-04-22,2026-04-20,1,25
PO019388,ST008,MED002,2026-04-19,43,2026-04-21,2026-04-20,1,25
PO019435,ST017,MED021,2026-04-19,35,2026-04-21,2026-04-20,1,25
PO019481,ST028,MED027,2026-04-19,26,2026-04-21,2026-04-20,1,25
PO019361,ST001,MED017,2026-04-19,18,2026-04-22,2026-04-20,1,25
PO019479,ST028,MED022,2026-04-19,14,2026-04-20,2026-04-20,0,25
PO018961,ST028,MED017,2026-04-19,6,2026-04-20,2026-04-20,0,25
PO019114,ST021,MED021,2026-04-19,5,2026-04-22,2026-04-20,1,25
PO019360,ST001,MED011,2026-04-19,1,2026-04-21,2026-04-20,1,25
PO019387,ST007,MED029,2026-04-19,0,2026-04-21,2026-04-20,1,25
PO019075,ST013,MED015,2026-04-20,307,2026-04-23,2026-04-21,1,25
PO019462,ST024,MED017,2026-04-20,169,2026-04-21,2026-04-21,0,25
PO019176,ST034,MED025,2026-04-20,160,2026-04-22,2026-04-21,1,25
PO019169,ST032,MED027,2026-04-20,125,2026-04-23,2026-04-21,1,25
PO019308,ST027,MED006,2026-04-20,124,2026-04-23,2026-04-21,1,25
PO019379,ST006,MED021,2026-04-20,114,2026-04-23,2026-04-21,1,25
PO019303,ST026,MED020,2026-04-20,107,2026-04-21,2026-04-21,0,25
PO019495,ST033,MED027,2026-04-20,105,2026-04-22,2026-04-21,1,25
PO019662,ST031,MED021,2026-04-20,83,2026-04-21,2026-04-21,0,25
PO019352,ST039,MED022,2026-04-20,69,2026-04-23,2026-04-21,1,25
PO019059,ST010,MED024,2026-04-20,62,2026-04-23,2026-04-21,1,25
PO019244,ST012,MED016,2026-04-20,62,2026-04-23,2026-04-21,1,25
PO019461,ST024,MED011,2026-04-20,58,2026-04-23,2026-04-21,1,25
PO019429,ST016,MED020,2026-04-20,49,2026-04-22,2026-04-21,1,25
PO019048,ST007,MED017,2026-04-20,46,2026-04-21,2026-04-21,0,25
PO019500,ST034,MED020,2026-04-20,46,2026-04-23,2026-04-21,1,25
PO019286,ST020,MED028,2026-04-20,44,2026-04-21,2026-04-21,0,25
PO019403,ST012,MED008,2026-04-20,40,2026-04-22,2026-04-21,1,25
PO019584,ST013,MED026,2026-04-20,37,2026-04-21,2026-04-21,0,25
PO019312,ST028,MED001,2026-04-20,36,2026-04-22,2026-04-21,1,25
PO019467,ST025,MED005,2026-04-20,34,2026-04-22,2026-04-21,1,25
PO019045,ST006,MED010,2026-04-20,33,2026-04-21,2026-04-21,0,25
PO019602,ST018,MED023,2026-04-20,33,2026-04-23,2026-04-21,1,25
PO019558,ST008,MED030,2026-04-20,32,2026-04-23,2026-04-21,1,25
PO019511,ST037,MED013,2026-04-20,27,2026-04-21,2026-04-21,0,25
PO019400,ST011,MED028,2026-04-20,23,2026-04-23,2026-04-21,1,25
PO019497,ST033,MED030,2026-04-20,23,2026-04-22,2026-04-21,1,25
PO019472,ST026,MED002,2026-04-20,20,2026-04-23,2026-04-21,1,25
PO019123,ST023,MED016,2026-04-20,19,2026-04-21,2026-04-21,0,25
PO019561,ST009,MED019,2026-04-20,15,2026-04-23,2026-04-21,1,25
PO019562,ST009,MED025,2026-04-20,12,2026-04-22,2026-04-21,1,25
PO019080,ST014,MED017,2026-04-20,10,2026-04-23,2026-04-21,1,25
PO019516,ST037,MED029,2026-04-20,7,2026-04-21,2026-04-21,0,25
PO019317,ST029,MED009,2026-04-20,4,2026-04-22,2026-04-21,1,25
PO019189,ST037,MED018,2026-04-20,2,2026-04-23,2026-04-21,1,25
PO019787,ST013,MED022,2026-04-21,224,2026-04-22,2026-04-22,0,25
PO019738,ST005,MED017,2026-04-21,180,2026-04-22,2026-04-22,0,25
PO019674,ST034,MED012,2026-04-21,126,2026-04-23,2026-04-22,1,25
PO019570,ST011,MED002,2026-04-21,111,2026-04-24,2026-04-22,1,25
PO019608,ST019,MED022,2026-04-21,106,2026-04-23,2026-04-22,1,25
PO019523,ST039,MED006,2026-04-21,105,2026-04-23,2026-04-22,1,25
PO019280,ST020,MED004,2026-04-21,84,2026-04-22,2026-04-22,0,25
PO019476,ST027,MED015,2026-04-21,77,2026-04-24,2026-04-22,1,25
PO019491,ST033,MED009,2026-04-21,67,2026-04-24,2026-04-22,1,25
PO019413,ST013,MED020,2026-04-21,64,2026-04-23,2026-04-22,1,25
PO019796,ST017,MED016,2026-04-21,52,2026-04-23,2026-04-22,1,25
PO019279,ST019,MED023,2026-04-21,48,2026-04-23,2026-04-22,1,25
PO019424,ST016,MED005,2026-04-21,35,2026-04-23,2026-04-22,1,25
PO019893,ST040,MED007,2026-04-21,28,2026-04-22,2026-04-22,0,25
PO019293,ST023,MED022,2026-04-21,20,2026-04-24,2026-04-22,1,25
PO019597,ST017,MED024,2026-04-21,19,2026-04-23,2026-04-22,1,25
PO019745,ST006,MED020,2026-04-21,18,2026-04-24,2026-04-22,1,25
PO019830,ST025,MED028,2026-04-21,11,2026-04-22,2026-04-22,0,25
PO019486,ST030,MED026,2026-04-21,8,2026-04-24,2026-04-22,1,25
PO019752,ST008,MED014,2026-04-21,8,2026-04-22,2026-04-22,0,25
PO019841,ST028,MED006,2026-04-21,3,2026-04-23,2026-04-22,1,25
PO019330,ST032,MED008,2026-04-21,2,2026-04-24,2026-04-22,1,25
PO019206,ST001,MED025,2026-04-21,1,2026-04-22,2026-04-22,0,25
PO019620,ST022,MED014,2026-04-21,0,2026-04-23,2026-04-22,1,25
PO019642,ST027,MED002,2026-04-22,197,2026-04-23,2026-04-23,0,25
PO019645,ST027,MED011,2026-04-22,170,2026-04-23,2026-04-23,0,25
PO019409,ST012,MED021,2026-04-22,166,2026-04-25,2026-04-23,1,25
PO019542,ST004,MED009,2026-04-22,142,2026-04-24,2026-04-23,1,25
PO019678,ST034,MED026,2026-04-22,107,2026-04-25,2026-04-23,1,25
PO019997,ST022,MED017,2026-04-22,107,2026-04-24,2026-04-23,1,25
PO019411,ST013,MED006,2026-04-22,103,2026-04-24,2026-04-23,1,25
PO019496,ST033,MED029,2026-04-22,95,2026-04-24,2026-04-23,1,25
PO019869,ST034,MED030,2026-04-22,95,2026-04-23,2026-04-23,0,25
PO020013,ST025,MED022,2026-04-22,95,2026-04-25,2026-04-23,1,25
PO019407,ST012,MED018,2026-04-22,86,2026-04-23,2026-04-23,0,25
PO019406,ST012,MED013,2026-04-22,69,2026-04-25,2026-04-23,1,25
PO019707,ST040,MED020,2026-04-22,67,2026-04-24,2026-04-23,1,25
PO019651,ST029,MED002,2026-04-22,51,2026-04-25,2026-04-23,1,25
PO019709,ST040,MED030,2026-04-22,38,2026-04-24,2026-04-23,1,25
PO019708,ST040,MED025,2026-04-22,36,2026-04-25,2026-04-23,1,25
PO019644,ST027,MED010,2026-04-22,35,2026-04-24,2026-04-23,1,25
PO019947,ST009,MED021,2026-04-22,28,2026-04-23,2026-04-23,0,25
PO019469,ST025,MED018,2026-04-22,24,2026-04-25,2026-04-23,1,25
PO019847,ST029,MED023,2026-04-22,24,2026-04-25,2026-04-23,1,25
PO019510,ST037,MED010,2026-04-22,22,2026-04-23,2026-04-23,0,25
PO019636,ST026,MED011,2026-04-22,19,2026-04-24,2026-04-23,1,25
PO019963,ST014,MED026,2026-04-22,18,2026-04-24,2026-04-23,1,25
PO019733,ST004,MED025,2026-04-22,17,2026-04-25,2026-04-23,1,25
PO019971,ST016,MED019,2026-04-22,14,2026-04-23,2026-04-23,0,25
PO020050,ST032,MED028,2026-04-22,9,2026-04-23,2026-04-23,0,25
PO019595,ST017,MED013,2026-04-22,7,2026-04-25,2026-04-23,1,25
PO019615,ST021,MED019,2026-04-22,1,2026-04-24,2026-04-23,1,25
PO019383,ST007,MED004,2026-04-22,0,2026-04-25,2026-04-23,1,25
PO020064,ST036,MED002,2026-04-22,0,2026-04-23,2026-04-23,0,25
PO019673,ST034,MED005,2026-04-23,153,2026-04-25,2026-04-24,1,25
PO019786,ST013,MED021,2026-04-23,116,2026-04-26,2026-04-24,1,25
PO019582,ST013,MED016,2026-04-23,107,2026-04-26,2026-04-24,1,25
PO019895,ST040,MED022,2026-04-23,103,2026-04-26,2026-04-24,1,25
PO020083,ST040,MED023,2026-04-23,102,2026-04-25,2026-04-24,1,25
PO019693,ST038,MED006,2026-04-23,97,2026-04-25,2026-04-24,1,25
PO019952,ST012,MED002,2026-04-23,87,2026-04-25,2026-04-24,1,25
PO019648,ST027,MED022,2026-04-23,72,2026-04-26,2026-04-24,1,25
PO019829,ST025,MED023,2026-04-23,63,2026-04-24,2026-04-24,0,25
PO019660,ST031,MED001,2026-04-23,61,2026-04-25,2026-04-24,1,25
PO019806,ST019,MED030,2026-04-23,52,2026-04-24,2026-04-24,0,25
PO020024,ST027,MED025,2026-04-23,51,2026-04-25,2026-04-24,1,25
PO020037,ST030,MED021,2026-04-23,49,2026-04-26,2026-04-24,1,25
PO019917,ST004,MED029,2026-04-23,45,2026-04-25,2026-04-24,1,25
PO019832,ST025,MED030,2026-04-23,44,2026-04-24,2026-04-24,0,25
PO019541,ST004,MED007,2026-04-23,43,2026-04-25,2026-04-24,1,25
PO020089,ST003,MED016,2026-04-23,40,2026-04-25,2026-04-24,1,25
PO019572,ST011,MED013,2026-04-23,38,2026-04-25,2026-04-24,1,25
PO019969,ST016,MED006,2026-04-23,38,2026-04-26,2026-04-24,1,25
PO019758,ST009,MED017,2026-04-23,34,2026-04-26,2026-04-24,1,25
PO019824,ST024,MED022,2026-04-23,30,2026-04-24,2026-04-24,0,25
PO020181,ST028,MED002,2026-04-23,29,2026-04-24,2026-04-24,0,25
PO019754,ST008,MED026,2026-04-23,28,2026-04-24,2026-04-24,0,25
PO019619,ST022,MED013,2026-04-23,20,2026-04-26,2026-04-24,1,25
PO019718,ST002,MED006,2026-04-23,14,2026-04-26,2026-04-24,1,25
PO020085,ST002,MED025,2026-04-23,8,2026-04-24,2026-04-24,0,25
PO019683,ST035,MED022,2026-04-23,7,2026-04-26,2026-04-24,1,25
PO019994,ST021,MED018,2026-04-23,4,2026-04-24,2026-04-24,0,25
PO019753,ST008,MED021,2026-04-23,3,2026-04-25,2026-04-24,1,25
PO019872,ST035,MED006,2026-04-23,2,2026-04-24,2026-04-24,0,25
PO019876,ST036,MED005,2026-04-23,1,2026-04-26,2026-04-24,1,25
PO020129,ST015,MED020,2026-04-23,1,2026-04-24,2026-04-24,0,25
PO019870,ST035,MED001,2026-04-23,0,2026-04-24,2026-04-24,0,25
PO020176,ST026,MED017,2026-04-24,314,2026-04-25,2026-04-25,0,25
PO019989,ST020,MED015,2026-04-24,180,2026-04-27,2026-04-25,1,25
PO020340,ST024,MED021,2026-04-24,115,2026-04-25,2026-04-25,0,25
PO020384,ST033,MED024,2026-04-24,110,2026-04-25,2026-04-25,0,25
PO020370,ST031,MED017,2026-04-24,58,2026-04-27,2026-04-25,1,25
PO020308,ST019,MED004,2026-04-24,46,2026-04-25,2026-04-25,0,25
PO020150,ST020,MED008,2026-04-24,45,2026-04-25,2026-04-25,0,25
PO020292,ST014,MED021,2026-04-24,43,2026-04-25,2026-04-25,0,25
PO019856,ST032,MED025,2026-04-24,40,2026-04-25,2026-04-25,0,25
PO019973,ST017,MED007,2026-04-24,38,2026-04-27,2026-04-25,1,25
PO019941,ST009,MED004,2026-04-24,35,2026-04-27,2026-04-25,1,25
PO020228,ST040,MED001,2026-04-24,34,2026-04-25,2026-04-25,0,25
PO019821,ST024,MED001,2026-04-24,32,2026-04-26,2026-04-25,1,25
PO019769,ST010,MED030,2026-04-24,24,2026-04-27,2026-04-25,1,25
PO020413,ST040,MED003,2026-04-24,23,2026-04-27,2026-04-25,1,25
PO020338,ST024,MED010,2026-04-24,22,2026-04-25,2026-04-25,0,25
PO020052,ST033,MED008,2026-04-24,21,2026-04-25,2026-04-25,0,25
PO019998,ST022,MED021,2026-04-24,18,2026-04-27,2026-04-25,1,25
PO019863,ST034,MED008,2026-04-24,14,2026-04-26,2026-04-25,1,25
PO019996,ST022,MED012,2026-04-24,14,2026-04-26,2026-04-25,1,25
PO020286,ST011,MED030,2026-04-24,9,2026-04-26,2026-04-25,1,25
PO020359,ST028,MED018,2026-04-24,0,2026-04-26,2026-04-25,1,25
PO020055,ST033,MED026,2026-04-25,143,2026-04-27,2026-04-26,1,25
PO019928,ST006,MED001,2026-04-25,140,2026-04-28,2026-04-26,1,25
PO020020,ST027,MED001,2026-04-25,116,2026-04-26,2026-04-26,0,25
PO020100,ST006,MED015,2026-04-25,87,2026-04-27,2026-04-26,1,25
PO020122,ST013,MED025,2026-04-25,82,2026-04-27,2026-04-26,1,25
PO019927,ST005,MED030,2026-04-25,73,2026-04-27,2026-04-26,1,25
PO020165,ST024,MED024,2026-04-25,65,2026-04-27,2026-04-26,1,25
PO020285,ST011,MED024,2026-04-25,53,2026-04-28,2026-04-26,1,25
PO020465,ST012,MED011,2026-04-25,39,2026-04-28,2026-04-26,1,25
PO020428,ST002,MED012,2026-04-25,38,2026-04-28,2026-04-26,1,25
PO020099,ST006,MED014,2026-04-25,37,2026-04-27,2026-04-26,1,25
PO020409,ST039,MED015,2026-04-25,36,2026-04-27,2026-04-26,1,25
PO020073,ST038,MED013,2026-04-25,26,2026-04-27,2026-04-26,1,25
PO020010,ST024,MED016,2026-04-25,24,2026-04-28,2026-04-26,1,25
PO020276,ST010,MED004,2026-04-25,23,2026-04-28,2026-04-26,1,25
PO020164,ST024,MED018,2026-04-25,15,2026-04-28,2026-04-26,1,25
PO020214,ST035,MED017,2026-04-25,7,2026-04-26,2026-04-26,0,25
PO020217,ST036,MED030,2026-04-25,6,2026-04-27,2026-04-26,1,25
PO020539,ST028,MED017,2026-04-25,6,2026-04-28,2026-04-26,1,25
PO019898,ST001,MED030,2026-04-25,5,2026-04-28,2026-04-26,1,25
PO020086,ST002,MED030,2026-04-25,2,2026-04-27,2026-04-26,1,25
PO020215,ST036,MED011,2026-04-25,1,2026-04-28,2026-04-26,1,25
PO020294,ST015,MED004,2026-04-25,0,2026-04-28,2026-04-26,1,25
PO020389,ST035,MED005,2026-04-25,0,2026-04-28,2026-04-26,1,25
PO020536,ST027,MED012,2026-04-26,221,2026-04-27,2026-04-27,0,25
PO020256,ST006,MED002,2026-04-26,203,2026-04-27,2026-04-27,0,25
PO020318,ST020,MED002,2026-04-26,141,2026-04-29,2026-04-27,1,25
PO020381,ST033,MED006,2026-04-26,116,2026-04-28,2026-04-27,1,25
PO020579,ST038,MED012,2026-04-26,103,2026-04-27,2026-04-27,0,25
PO020220,ST038,MED001,2026-04-26,90,2026-04-29,2026-04-27,1,25
PO020301,ST017,MED006,2026-04-26,79,2026-04-27,2026-04-27,0,25
PO020639,ST012,MED006,2026-04-26,76,2026-04-28,2026-04-27,1,25
PO020687,ST023,MED006,2026-04-26,68,2026-04-29,2026-04-27,1,25
PO020375,ST032,MED009,2026-04-26,58,2026-04-27,2026-04-27,0,25
PO020098,ST005,MED029,2026-04-26,56,2026-04-29,2026-04-27,1,25
PO020255,ST005,MED007,2026-04-26,56,2026-04-27,2026-04-27,0,25
PO020671,ST019,MED013,2026-04-26,50,2026-04-28,2026-04-27,1,25
PO020634,ST011,MED010,2026-04-26,45,2026-04-29,2026-04-27,1,25
PO020448,ST007,MED022,2026-04-26,32,2026-04-29,2026-04-27,1,25
PO020646,ST013,MED014,2026-04-26,30,2026-04-29,2026-04-27,1,25
PO020531,ST025,MED025,2026-04-26,29,2026-04-28,2026-04-27,1,25
PO020508,ST020,MED019,2026-04-26,27,2026-04-28,2026-04-27,1,25
PO020357,ST028,MED012,2026-04-26,25,2026-04-28,2026-04-27,1,25
PO020243,ST002,MED028,2026-04-26,22,2026-04-27,2026-04-27,0,25
PO020180,ST027,MED014,2026-04-26,20,2026-04-29,2026-04-27,1,25
PO020221,ST038,MED008,2026-04-26,20,2026-04-28,2026-04-27,1,25
PO020588,ST001,MED013,2026-04-26,16,2026-04-27,2026-04-27,0,25
PO020594,ST002,MED004,2026-04-26,13,2026-04-28,2026-04-27,1,25
PO020160,ST023,MED021,2026-04-26,12,2026-04-28,2026-04-27,1,25
PO020329,ST021,MED024,2026-04-26,9,2026-04-29,2026-04-27,1,25
PO020682,ST021,MED010,2026-04-26,9,2026-04-29,2026-04-27,1,25
PO020268,ST008,MED013,2026-04-26,6,2026-04-27,2026-04-27,0,25
PO020573,ST036,MED008,2026-04-26,3,2026-04-27,2026-04-27,0,25
PO020651,ST014,MED012,2026-04-26,1,2026-04-27,2026-04-27,0,25
PO020353,ST027,MED027,2026-04-27,217,2026-04-29,2026-04-28,1,25
PO020710,ST027,MED002,2026-04-27,197,2026-04-30,2026-04-28,1,25
PO020788,ST005,MED005,2026-04-27,105,2026-04-29,2026-04-28,1,25
PO020794,ST006,MED006,2026-04-27,99,2026-04-29,2026-04-28,1,25
PO020568,ST034,MED028,2026-04-27,92,2026-04-30,2026-04-28,1,25
PO020415,ST040,MED013,2026-04-27,64,2026-04-30,2026-04-28,1,25
PO020578,ST038,MED002,2026-04-27,63,2026-04-30,2026-04-28,1,25
PO020937,ST039,MED024,2026-04-27,60,2026-04-28,2026-04-28,0,25
PO020885,ST027,MED019,2026-04-27,53,2026-04-30,2026-04-28,1,25
PO020557,ST033,MED016,2026-04-27,51,2026-04-28,2026-04-28,0,25
PO020374,ST032,MED001,2026-04-27,47,2026-04-30,2026-04-28,1,25
PO020768,ST039,MED029,2026-04-27,46,2026-04-29,2026-04-28,1,25
PO020603,ST004,MED016,2026-04-27,45,2026-04-30,2026-04-28,1,25
PO020876,ST025,MED030,2026-04-27,44,2026-04-30,2026-04-28,1,25
PO020383,ST033,MED020,2026-04-27,41,2026-04-30,2026-04-28,1,25
PO020698,ST025,MED005,2026-04-27,34,2026-04-30,2026-04-28,1,25
PO020725,ST030,MED009,2026-04-27,34,2026-04-28,2026-04-28,0,25
PO020719,ST027,MED028,2026-04-27,33,2026-04-29,2026-04-28,1,25
PO020472,ST013,MED019,2026-04-27,28,2026-04-28,2026-04-28,0,25
PO020275,ST009,MED030,2026-04-27,25,2026-04-30,2026-04-28,1,25
PO020314,ST019,MED018,2026-04-27,22,2026-04-28,2026-04-28,0,25
PO020364,ST030,MED022,2026-04-27,20,2026-04-30,2026-04-28,1,25
PO020666,ST018,MED025,2026-04-27,18,2026-04-28,2026-04-28,0,25
PO020519,ST022,MED010,2026-04-27,12,2026-04-28,2026-04-28,0,25
PO020589,ST001,MED016,2026-04-27,1,2026-04-30,2026-04-28,1,25
PO020438,ST005,MED011,2026-04-28,98,2026-05-01,2026-04-29,1,25
PO020636,ST011,MED021,2026-04-28,87,2026-04-29,2026-04-29,0,25
PO021104,ST034,MED006,2026-04-28,79,2026-04-29,2026-04-29,0,25
PO020954,ST003,MED006,2026-04-28,64,2026-05-01,2026-04-29,1,25
PO021062,ST025,MED024,2026-04-28,53,2026-04-29,2026-04-29,0,25
PO020658,ST016,MED020,2026-04-28,49,2026-04-30,2026-04-29,1,25
PO020706,ST026,MED010,2026-04-28,32,2026-04-30,2026-04-29,1,25
PO021090,ST031,MED029,2026-04-28,32,2026-04-30,2026-04-29,1,25
PO020807,ST010,MED002,2026-04-28,28,2026-04-30,2026-04-29,1,25
PO020591,ST001,MED024,2026-04-28,23,2026-05-01,2026-04-29,1,25
PO020552,ST031,MED014,2026-04-28,20,2026-05-01,2026-04-29,1,25
PO021087,ST031,MED011,2026-04-28,20,2026-04-29,2026-04-29,0,25
PO020547,ST029,MED022,2026-04-28,19,2026-04-29,2026-04-29,0,25
PO020815,ST011,MED025,2026-04-28,19,2026-04-29,2026-04-29,0,25
PO020692,ST024,MED008,2026-04-28,11,2026-04-30,2026-04-29,1,25
PO021108,ST035,MED006,2026-04-28,2,2026-04-29,2026-04-29,0,25
PO020476,ST014,MED003,2026-04-28,0,2026-04-30,2026-04-29,1,25
PO020947,ST001,MED015,2026-04-28,0,2026-04-29,2026-04-29,0,25
PO021186,ST013,MED022,2026-04-29,224,2026-04-30,2026-04-30,0,25
PO020968,ST006,MED005,2026-04-29,184,2026-04-30,2026-04-30,0,25
PO021059,ST025,MED002,2026-04-29,138,2026-04-30,2026-04-30,0,25
PO020764,ST038,MED027,2026-04-29,135,2026-05-01,2026-04-30,1,25
PO021215,ST020,MED022,2026-04-29,123,2026-05-02,2026-04-30,1,25
PO021214,ST020,MED016,2026-04-29,122,2026-05-02,2026-04-30,1,25
PO021069,ST026,MED022,2026-04-29,86,2026-05-02,2026-04-30,1,25
PO021188,ST013,MED030,2026-04-29,81,2026-04-30,2026-04-30,0,25
PO020837,ST017,MED005,2026-04-29,73,2026-05-01,2026-04-30,1,25
PO020754,ST037,MED002,2026-04-29,70,2026-04-30,2026-04-30,0,25
PO021112,ST037,MED005,2026-04-29,64,2026-05-01,2026-04-30,1,25
PO020846,ST018,MED021,2026-04-29,54,2026-05-02,2026-04-30,1,25
PO020872,ST025,MED014,2026-04-29,53,2026-04-30,2026-04-30,0,25
PO020884,ST027,MED018,2026-04-29,47,2026-04-30,2026-04-30,0,25
PO020942,ST040,MED016,2026-04-29,37,2026-05-01,2026-04-30,1,25
PO021101,ST033,MED018,2026-04-29,35,2026-04-30,2026-04-30,0,25
PO021028,ST017,MED030,2026-04-29,31,2026-05-02,2026-04-30,1,25
PO021083,ST030,MED024,2026-04-29,20,2026-05-02,2026-04-30,1,25
PO020892,ST029,MED003,2026-04-29,19,2026-04-30,2026-04-30,0,25
PO021223,ST023,MED010,2026-04-29,17,2026-05-02,2026-04-30,1,25
PO021077,ST029,MED015,2026-04-29,16,2026-05-02,2026-04-30,1,25
PO021244,ST028,MED014,2026-04-29,14,2026-04-30,2026-04-30,0,25
PO020593,ST002,MED001,2026-04-29,12,2026-05-01,2026-04-30,1,25
PO021110,ST036,MED014,2026-04-29,12,2026-04-30,2026-04-30,0,25
PO021260,ST031,MED025,2026-04-29,9,2026-05-01,2026-04-30,1,25
PO020931,ST038,MED016,2026-04-29,4,2026-04-30,2026-04-30,0,25
PO020891,ST028,MED030,2026-04-29,0,2026-05-02,2026-04-30,1,25
PO021247,ST029,MED029,2026-04-29,0,2026-05-02,2026-04-30,1,25
