store_id,region
ST001,Dallas
ST002,Fort Worth
ST003,Denton
ST004,Arlington
ST005,Dallas
ST006,Fort Worth
ST007,Denton
ST008,Arlington
ST009,Dallas
ST010,Fort Worth
ST011,Denton
ST012,Arlington
ST013,Dallas
ST014,Fort Worth
ST015,Denton
ST016,Arlington
ST017,Dallas
ST018,Fort Worth
ST019,Denton
ST020,Arlington
ST021,Dallas
ST022,Fort Worth
ST023,Denton
ST024,Arlington
ST025,Dallas
ST026,Fort Worth
ST027,Denton
ST028,Arlington
ST029,Dallas
ST030,Fort Worth
ST031,Denton
ST032,Arlington
ST033,Dallas
ST034,Fort Worth
ST035,Denton
ST036,Arlington
ST037,Dallas
ST038,Fort Worth
ST039,Denton
ST040,Arlington
